Date           ,Time,Booking_ID,Booking_Status,Customer_ID,Vehicle_Type,Pickup_Location,Drop_Location,V_TAT,C_TAT,Canceled_Rides_by_Customer,Canceled_Rides_by_Driver,Incomplete_Rides,Incomplete_Rides_Reason,Booking_Value,Payment_Method,Ride_Distance,Driver_Ratings,Customer_Rating
26-07-2024,2.00.00 PM,CNR7153255142,Canceled by Driver,CID713523,Prime Sedan,Tumkur Road,RT Nagar,NA,NA,NA,Personal & Car related issue,NA,NA,444,NA,0,0,0
25-07-2024,10.20.00 PM,CNR2940424040,Success,CID225428,Bike,Magadi Road,Varthur,203,30,NA,NA,No,NA,158,Cash,13,4.1,4
30-07-2024,7.59.00 PM,CNR2982357879,Success,CID270156,Prime SUV,Sahakar Nagar,Varthur,238,130,NA,NA,No,NA,386,UPI,40,4.2,4.8
22-07-2024,3.15.00 AM,CNR2395710036,Canceled by Customer,CID581320,eBike,HSR Layout,Vijayanagar,NA,NA,Driver is not moving towards pickup location,NA,NA,NA,384,NA,0,0,0
02-07-2024,9.02.00 AM,CNR1797421769,Success,CID939555,Mini,Rajajinagar,Chamarajpet,252,80,NA,NA,No,NA,822,Credit Card,45,4,3
13-07-2024,4.42.00 AM,CNR8787177882,Success,CID802429,Mini,Kadugodi,Vijayanagar,231,90,NA,NA,No,NA,173,UPI,41,3.4,4.6
23-07-2024,9.51.00 AM,CNR3612067560,Success,CID476071,Bike,Tumkur Road,Whitefield,133,40,NA,NA,No,NA,140,Cash,49,3.2,4.5
11-07-2024,11.12.00 AM,CNR5374902489,Canceled by Driver,CID735691,Prime Plus,Bannerghatta Road,Sarjapur Road,NA,NA,NA,Personal & Car related issue,NA,NA,344,NA,0,0,0
01-07-2024,7.19.00 PM,CNR5030602354,Driver Not Found,CID999840,Mini,Chamarajpet,Peenya,NA,NA,NA,NA,NA,NA,839,NA,0,0,0
18-07-2024,1.31.00 AM,CNR6328453219,Canceled by Driver,CID907133,Auto,RT Nagar,Varthur,NA,NA,NA,Personal & Car related issue,NA,NA,893,NA,0,0,0
29-07-2024,11.33.00 PM,CNR4787583516,Success,CID923404,Prime Plus,Hosur Road,Jayanagar,35,55,NA,NA,No,NA,164,Cash,46,4.5,3.4
26-07-2024,4.03.00 AM,CNR7943634301,Success,CID647026,Prime Plus,Kammanahalli,Rajajinagar,238,95,NA,NA,No,NA,399,Cash,18,3.9,4.4
27-07-2024,1.18.00 PM,CNR4524472111,Success,CID540929,Auto,Cox Town,Yelahanka,126,35,NA,NA,No,NA,330,UPI,8,3,4.8
17-07-2024,6.55.00 PM,CNR3914552212,Canceled by Driver,CID557845,Auto,Hosur Road,Banashankari,NA,NA,NA,Personal & Car related issue,NA,NA,427,NA,0,0,0
16-07-2024,9.54.00 AM,CNR8181602032,Success,CID167642,Bike,Indiranagar,MG Road,70,95,NA,NA,No,NA,378,UPI,18,4.8,4.1
02-07-2024,10.25.00 AM,CNR8090918544,Success,CID640151,Bike,Magadi Road,HSR Layout,126,95,NA,NA,No,NA,343,UPI,23,3.7,3.6
02-07-2024,11.50.00 PM,CNR3211335290,Driver Not Found,CID630354,Mini,Ramamurthy Nagar,BTM Layout,NA,NA,NA,NA,NA,NA,366,NA,0,0,0
05-07-2024,11.42.00 PM,CNR3196156650,Success,CID243275,Bike,Electronic City,Langford Town,140,40,NA,NA,No,NA,401,Cash,8,3.3,3.9
09-07-2024,11.11.00 AM,CNR9975925287,Success,CID162055,Prime SUV,Magadi Road,RT Nagar,42,30,NA,NA,No,NA,343,UPI,17,3,3.8
12-07-2024,2.44.00 PM,CNR1591113431,Success,CID902781,eBike,Koramangala,Sarjapur Road,245,70,NA,NA,No,NA,2014,Cash,33,4.2,4.9
11-07-2024,8.42.00 PM,CNR3650331573,Success,CID217093,eBike,Basavanagudi,Hulimavu,84,25,NA,NA,No,NA,650,Cash,34,4.9,3.4
08-07-2024,10.33.00 PM,CNR6013805089,Success,CID817034,Prime Sedan,Padmanabhanagar,Jayanagar,168,65,NA,NA,No,NA,231,Cash,2,3.2,3.7
16-07-2024,10.17.00 AM,CNR4306636052,Canceled by Driver,CID103842,Prime SUV,Mysore Road,Vijayanagar,NA,NA,NA,Customer was coughing/sick,NA,NA,909,NA,0,0,0
03-07-2024,6.20.00 PM,CNR9832070187,Success,CID655872,Bike,Koramangala,BTM Layout,231,145,NA,NA,No,NA,189,Cash,6,4.9,3.3
03-07-2024,9.17.00 PM,CNR5620539253,Success,CID290480,Prime Plus,Mysore Road,Sahakar Nagar,56,105,NA,NA,No,NA,311,Cash,28,4.3,3
19-07-2024,9.18.00 PM,CNR4443921904,Success,CID654618,Mini,Tumkur Road,Koramangala,231,50,NA,NA,No,NA,286,UPI,44,4,3.3
25-07-2024,3.44.00 AM,CNR7194303296,Success,CID538245,Mini,Mysore Road,Hennur,175,50,NA,NA,No,NA,141,UPI,35,4.7,3.1
15-07-2024,5.11.00 PM,CNR6494005067,Success,CID805360,Auto,Yelahanka,Malleshwaram,84,60,NA,NA,No,NA,214,UPI,2,3.3,4.5
30-07-2024,7.44.00 PM,CNR6805579107,Success,CID810214,Prime SUV,Indiranagar,Indiranagar,35,145,NA,NA,No,NA,2183,Cash,20,4,4.4
21-07-2024,8.26.00 AM,CNR6003663433,Canceled by Customer,CID350426,Prime Plus,Rajajinagar,Chamarajpet,NA,NA,Driver asked to cancel,NA,NA,NA,604,NA,0,0,0
23-07-2024,7.04.00 AM,CNR2998177390,Driver Not Found,CID946041,Auto,RT Nagar,Yelahanka,NA,NA,NA,NA,NA,NA,802,NA,0,0,0
27-07-2024,6.18.00 AM,CNR7979458138,Success,CID978509,eBike,Frazer Town,Indiranagar,189,65,NA,NA,No,NA,1095,Cash,38,4.8,4.7
23-07-2024,10.17.00 AM,CNR7286474506,Canceled by Customer,CID500806,eBike,Jayanagar,Richmond Town,NA,NA,Driver is not moving towards pickup location,NA,NA,NA,120,NA,0,0,0
23-07-2024,12.56.00 PM,CNR9820692957,Success,CID625327,Prime Sedan,Koramangala,Hosur Road,49,85,NA,NA,No,NA,241,Cash,33,3.2,3.5
08-07-2024,11.52.00 AM,CNR4094067439,Success,CID896062,Prime Sedan,Majestic,Jayanagar,77,140,NA,NA,No,NA,475,Cash,45,4.3,3.1
14-07-2024,5.25.00 AM,CNR7142279862,Success,CID378034,eBike,Yeshwanthpur,JP Nagar,210,45,NA,NA,No,NA,461,UPI,49,4.5,3.1
23-07-2024,9.33.00 AM,CNR5488574120,Canceled by Driver,CID169284,Auto,Peenya,Hosur Road,NA,NA,NA,Customer related issue,NA,NA,783,NA,0,0,0
03-07-2024,4.16.00 PM,CNR8148468821,Canceled by Driver,CID347094,Prime Plus,Marathahalli,BTM Layout,NA,NA,NA,Customer was coughing/sick,NA,NA,995,NA,0,0,0
03-07-2024,12.58.00 AM,CNR5176704322,Success,CID296026,Prime Plus,KR Puram,Hennur,287,40,NA,NA,Yes,Customer Demand,1102,UPI,41,3.1,3.5
24-07-2024,5.31.00 PM,CNR9287248724,Canceled by Driver,CID959554,Prime SUV,Hosur Road,Yeshwanthpur,NA,NA,NA,Customer related issue,NA,NA,170,NA,0,0,0
10-07-2024,9.56.00 PM,CNR7547352327,Success,CID976231,Prime Plus,Hulimavu,Rajarajeshwari Nagar,210,105,NA,NA,No,NA,444,UPI,6,3.8,4.9
20-07-2024,3.30.00 PM,CNR9660405769,Canceled by Driver,CID483311,eBike,Electronic City,Varthur,NA,NA,NA,Customer related issue,NA,NA,1130,NA,0,0,0
11-07-2024,3.22.00 AM,CNR4251304471,Success,CID888740,Prime SUV,Shivajinagar,Jayanagar,294,145,NA,NA,No,NA,876,Cash,21,4.7,3.3
06-07-2024,3.02.00 PM,CNR1568684278,Success,CID709612,Prime Plus,Bannerghatta Road,Majestic,42,90,NA,NA,No,NA,680,UPI,24,4.7,3.8
05-07-2024,8.28.00 PM,CNR2230045814,Success,CID961125,Prime SUV,Cox Town,Chamarajpet,266,65,NA,NA,No,NA,425,Cash,11,3.5,4.6
11-07-2024,11.28.00 AM,CNR7871058089,Success,CID221021,Mini,Hennur,Kengeri,56,140,NA,NA,No,NA,989,Cash,4,4.5,4.2
16-07-2024,4.25.00 PM,CNR5503358927,Driver Not Found,CID552049,Bike,Peenya,MG Road,NA,NA,NA,NA,NA,NA,594,NA,0,0,0
12-07-2024,6.02.00 PM,CNR2708187615,Success,CID415325,Prime Plus,Devanahalli,Rajajinagar,294,95,NA,NA,No,NA,443,Cash,5,3.4,3.1
16-07-2024,10.35.00 PM,CNR1625119636,Success,CID745270,eBike,Ramamurthy Nagar,Sahakar Nagar,35,95,NA,NA,No,NA,721,Cash,19,3.8,4.7
26-07-2024,1.20.00 PM,CNR9312632867,Success,CID649563,Prime SUV,Tumkur Road,Mysore Road,217,120,NA,NA,Yes,Vehicle Breakdown,2936,Cash,34,4.1,4.6
25-07-2024,3.33.00 AM,CNR5274603340,Success,CID477783,Prime SUV,Electronic City,Banashankari,77,35,NA,NA,No,NA,747,Cash,25,5,3.5
17-07-2024,3.30.00 AM,CNR1050003752,Success,CID993137,Bike,Chamarajpet,Shivajinagar,308,110,NA,NA,No,NA,799,UPI,25,3.9,4.7
07-07-2024,5.59.00 AM,CNR3603517873,Success,CID386651,eBike,Rajarajeshwari Nagar,Marathahalli,63,135,NA,NA,No,NA,300,Cash,14,3.3,4.6
01-07-2024,2.21.00 AM,CNR1557960488,Driver Not Found,CID884386,Prime SUV,Rajarajeshwari Nagar,Varthur,NA,NA,NA,NA,NA,NA,162,NA,0,0,0
01-07-2024,2.45.00 AM,CNR9758857830,Success,CID528642,Prime Plus,HSR Layout,Magadi Road,308,70,NA,NA,No,NA,618,UPI,30,3.5,3.7
02-07-2024,4.17.00 AM,CNR8080410192,Success,CID416746,eBike,Jayanagar,JP Nagar,91,120,NA,NA,No,NA,251,UPI,9,5,4.4
13-07-2024,2.27.00 AM,CNR1648186942,Canceled by Driver,CID713303,Bike,Hennur,Padmanabhanagar,NA,NA,NA,More than permitted people in there,NA,NA,543,NA,0,0,0
25-07-2024,10.57.00 AM,CNR2433490646,Success,CID954071,Mini,Hennur,Chamarajpet,35,115,NA,NA,No,NA,724,Cash,11,4.5,4.8
18-07-2024,12.37.00 AM,CNR7825941026,Success,CID234007,Mini,Marathahalli,Langford Town,196,80,NA,NA,No,NA,316,UPI,27,3.1,4.7
22-07-2024,1.08.00 PM,CNR9148580255,Success,CID164393,Prime SUV,Tumkur Road,Magadi Road,224,60,NA,NA,No,NA,138,UPI,24,5,3
15-07-2024,7.21.00 AM,CNR2946309760,Success,CID984343,Prime Plus,Hosur Road,Hennur,280,55,NA,NA,No,NA,467,Cash,24,4.5,4.2
19-07-2024,10.29.00 AM,CNR3472489570,Driver Not Found,CID621402,Prime SUV,Electronic City,Marathahalli,NA,NA,NA,NA,NA,NA,565,NA,0,0,0
07-07-2024,4.56.00 PM,CNR1768885472,Canceled by Driver,CID130993,Prime SUV,Basavanagudi,Padmanabhanagar,NA,NA,NA,More than permitted people in there,NA,NA,276,NA,0,0,0
06-07-2024,1.18.00 AM,CNR7486448495,Success,CID931462,Auto,Ulsoor,Padmanabhanagar,63,65,NA,NA,No,NA,296,UPI,5,4,4.3
04-07-2024,3.32.00 PM,CNR2735636504,Driver Not Found,CID111173,Prime SUV,Cox Town,Chamarajpet,NA,NA,NA,NA,NA,NA,1310,NA,0,0,0
26-07-2024,5.17.00 PM,CNR7533317866,Canceled by Customer,CID867762,Mini,Shantinagar,Hulimavu,NA,NA,AC is Not working,NA,NA,NA,771,NA,0,0,0
01-07-2024,2.55.00 AM,CNR5758479139,Success,CID805528,Prime Sedan,RT Nagar,Chickpet,42,25,NA,NA,No,NA,279,Cash,43,4.3,3.4
22-07-2024,4.24.00 PM,CNR8021985469,Success,CID604351,Mini,Hosur Road,Kadugodi,308,145,NA,NA,No,NA,321,Cash,39,3.3,4.7
21-07-2024,7.56.00 PM,CNR3800597072,Success,CID386103,Mini,JP Nagar,Chickpet,189,35,NA,NA,No,NA,457,Cash,1,4.1,3.4
05-07-2024,1.55.00 PM,CNR6179425512,Success,CID607886,Mini,Bannerghatta Road,Basavanagudi,217,45,NA,NA,No,NA,139,Cash,45,4.9,3.8
29-07-2024,7.40.00 PM,CNR7924302885,Success,CID517661,Auto,Magadi Road,Nagarbhavi,168,140,NA,NA,Yes,Customer Demand,685,UPI,7,4.1,4.9
15-07-2024,9.19.00 PM,CNR7181374756,Canceled by Driver,CID700952,Auto,Devanahalli,Kammanahalli,NA,NA,NA,More than permitted people in there,NA,NA,150,NA,0,0,0
16-07-2024,1.15.00 PM,CNR2830899440,Success,CID808607,Mini,Kadugodi,Frazer Town,133,90,NA,NA,No,NA,196,UPI,21,4.3,3.4
14-07-2024,11.37.00 AM,CNR7592165192,Canceled by Driver,CID863704,Prime SUV,Rajarajeshwari Nagar,HSR Layout,NA,NA,NA,Personal & Car related issue,NA,NA,424,NA,0,0,0
11-07-2024,9.40.00 PM,CNR6077524333,Canceled by Driver,CID708519,Prime SUV,Chickpet,Shantinagar,NA,NA,NA,More than permitted people in there,NA,NA,827,NA,0,0,0
14-07-2024,4.15.00 AM,CNR8854206454,Success,CID932765,eBike,Langford Town,Kadugodi,301,115,NA,NA,No,NA,770,Cash,27,3.3,4.3
17-07-2024,7.30.00 AM,CNR6387231274,Driver Not Found,CID686160,Prime Sedan,Bannerghatta Road,Indiranagar,NA,NA,NA,NA,NA,NA,325,NA,0,0,0
04-07-2024,2.43.00 PM,CNR6215530366,Success,CID713821,eBike,Devanahalli,Jayanagar,161,25,NA,NA,No,NA,986,Cash,18,4.6,4.8
29-07-2024,2.56.00 PM,CNR4314026109,Success,CID259573,Prime SUV,Tumkur Road,Bannerghatta Road,266,115,NA,NA,No,NA,2208,Cash,40,4,4.5
17-07-2024,7.55.00 PM,CNR9027465661,Success,CID737388,Prime Sedan,BTM Layout,Majestic,168,30,NA,NA,No,NA,1695,UPI,20,4.5,4.7
20-07-2024,10.58.00 AM,CNR5003494701,Canceled by Driver,CID761134,Mini,Sarjapur Road,Majestic,NA,NA,NA,Customer related issue,NA,NA,305,NA,0,0,0
08-07-2024,9.18.00 AM,CNR2064658821,Success,CID954441,Bike,Peenya,Devanahalli,63,105,NA,NA,No,NA,2271,Cash,37,3.4,4.2
07-07-2024,1.31.00 AM,CNR2149029235,Success,CID596869,Auto,Chickpet,Hennur,154,135,NA,NA,No,NA,240,UPI,4,4,4.9
30-07-2024,1.20.00 AM,CNR9704400677,Success,CID974657,Mini,Langford Town,Vijayanagar,287,95,NA,NA,No,NA,482,Cash,37,4.4,3.9
03-07-2024,11.25.00 AM,CNR8836460204,Success,CID716037,eBike,Bellandur,Shantinagar,252,45,NA,NA,No,NA,536,UPI,17,3.9,4.4
11-07-2024,10.44.00 AM,CNR3697318609,Success,CID915228,Bike,Sarjapur Road,Chickpet,287,100,NA,NA,No,NA,188,UPI,37,4.9,4.1
22-07-2024,6.17.00 PM,CNR6541289543,Canceled by Driver,CID656539,Prime SUV,Frazer Town,Whitefield,NA,NA,NA,Customer related issue,NA,NA,202,NA,0,0,0
21-07-2024,6.54.00 AM,CNR8369601219,Canceled by Driver,CID581505,Prime SUV,Richmond Town,Jayanagar,NA,NA,NA,Customer related issue,NA,NA,1609,NA,0,0,0
22-07-2024,12.21.00 AM,CNR8346388703,Canceled by Driver,CID680143,Mini,Magadi Road,BTM Layout,NA,NA,NA,Personal & Car related issue,NA,NA,1821,NA,0,0,0
26-07-2024,9.39.00 AM,CNR4445082348,Success,CID336831,Mini,Yelahanka,BTM Layout,42,40,NA,NA,No,NA,415,UPI,22,3.6,3.1
26-07-2024,6.06.00 AM,CNR5528764313,Success,CID808205,Prime SUV,Ramamurthy Nagar,Bannerghatta Road,308,145,NA,NA,No,NA,2125,UPI,6,3.8,4.6
03-07-2024,3.04.00 PM,CNR3967141568,Canceled by Driver,CID163765,Auto,Padmanabhanagar,Ramamurthy Nagar,NA,NA,NA,Customer related issue,NA,NA,758,NA,0,0,0
07-07-2024,9.55.00 AM,CNR7054352438,Driver Not Found,CID270321,Mini,Hennur,Cox Town,NA,NA,NA,NA,NA,NA,653,NA,0,0,0
22-07-2024,12.51.00 PM,CNR1640228587,Success,CID190281,Prime Sedan,Kengeri,Mysore Road,168,135,NA,NA,Yes,Other Issue,704,Cash,42,4.7,4.8
19-07-2024,4.48.00 AM,CNR6684033796,Success,CID352268,Auto,Indiranagar,Whitefield,84,105,NA,NA,No,NA,385,Cash,19,4.1,3.7
01-07-2024,5.03.00 AM,CNR4158584922,Success,CID772392,Auto,Sahakar Nagar,Ramamurthy Nagar,35,45,NA,NA,No,NA,934,UPI,12,3.3,5
23-07-2024,4.01.00 AM,CNR5133236273,Canceled by Driver,CID905849,Prime Plus,Banashankari,Chickpet,NA,NA,NA,Customer related issue,NA,NA,615,NA,0,0,0
26-07-2024,8.22.00 AM,CNR5661490576,Success,CID546076,Bike,Magadi Road,Electronic City,56,30,NA,NA,No,NA,2202,Cash,44,4.7,3.4
05-07-2024,12.36.00 PM,CNR2304446757,Success,CID432144,eBike,Rajarajeshwari Nagar,MG Road,252,145,NA,NA,No,NA,205,Cash,43,4.1,3.1
18-07-2024,7.21.00 AM,CNR3780555542,Canceled by Customer,CID803813,Mini,Tumkur Road,Chamarajpet,NA,NA,Driver asked to cancel,NA,NA,NA,513,NA,0,0,0
21-07-2024,8.21.00 AM,CNR1559782157,Success,CID906966,Auto,Ulsoor,Bellandur,182,50,NA,NA,No,NA,247,Cash,8,3.1,3.3
13-07-2024,2.55.00 AM,CNR7623690602,Success,CID526261,Bike,Cox Town,Malleshwaram,259,75,NA,NA,Yes,Other Issue,558,UPI,41,3.2,3.2
08-07-2024,7.56.00 AM,CNR2098165198,Success,CID619972,Prime Sedan,Yelahanka,Ramamurthy Nagar,217,55,NA,NA,No,NA,291,UPI,5,3.8,3.3
22-07-2024,4.32.00 AM,CNR5502012579,Success,CID748475,Mini,Vijayanagar,Kengeri,56,110,NA,NA,No,NA,925,Cash,22,3,4
24-07-2024,9.58.00 PM,CNR4698965967,Success,CID529347,Prime Sedan,Ramamurthy Nagar,Chickpet,280,30,NA,NA,No,NA,121,Cash,44,3.8,4.5
21-07-2024,3.13.00 AM,CNR8566688320,Driver Not Found,CID175878,Bike,Chickpet,Shivajinagar,NA,NA,NA,NA,NA,NA,404,NA,0,0,0
29-07-2024,12.44.00 PM,CNR8014852782,Canceled by Customer,CID737119,Prime Plus,Kammanahalli,Magadi Road,NA,NA,Change of plans,NA,NA,NA,223,NA,0,0,0
15-07-2024,8.31.00 AM,CNR6012739836,Driver Not Found,CID308763,Prime Sedan,Ramamurthy Nagar,Magadi Road,NA,NA,NA,NA,NA,NA,2989,NA,0,0,0
01-07-2024,11.01.00 AM,CNR3404012927,Success,CID344186,Mini,Chickpet,Chamarajpet,63,130,NA,NA,No,NA,728,Cash,14,4.3,5
11-07-2024,10.50.00 AM,CNR9282027845,Success,CID767941,Bike,Yeshwanthpur,KR Puram,210,85,NA,NA,No,NA,2416,UPI,49,3.1,3.8
30-07-2024,10.02.00 AM,CNR5508853708,Canceled by Customer,CID812594,Prime Plus,Shivajinagar,HSR Layout,NA,NA,Driver is not moving towards pickup location,NA,NA,NA,371,NA,0,0,0
07-07-2024,6.36.00 PM,CNR4241139229,Success,CID133723,Prime Plus,Kammanahalli,Shivajinagar,203,25,NA,NA,No,NA,258,Cash,32,4.7,4.1
27-07-2024,11.48.00 PM,CNR8306274838,Driver Not Found,CID117206,Bike,Bellandur,Rajarajeshwari Nagar,NA,NA,NA,NA,NA,NA,170,NA,0,0,0
16-07-2024,3.25.00 PM,CNR1903850514,Canceled by Customer,CID126419,eBike,Mysore Road,Vijayanagar,NA,NA,Driver asked to cancel,NA,NA,NA,151,NA,0,0,0
26-07-2024,9.02.00 PM,CNR1852948877,Canceled by Driver,CID953990,Prime Sedan,Yelahanka,Majestic,NA,NA,NA,Customer related issue,NA,NA,425,NA,0,0,0
04-07-2024,3.31.00 AM,CNR5744401218,Success,CID507511,Bike,Yelahanka,Varthur,91,25,NA,NA,No,NA,220,UPI,2,3.4,3.1
16-07-2024,10.15.00 AM,CNR7221640450,Success,CID195611,Prime Sedan,RT Nagar,Whitefield,301,145,NA,NA,No,NA,472,UPI,16,3.3,4.5
20-07-2024,10.27.00 PM,CNR8395803905,Canceled by Driver,CID925776,eBike,Bannerghatta Road,RT Nagar,NA,NA,NA,Customer related issue,NA,NA,616,NA,0,0,0
15-07-2024,9.20.00 AM,CNR3750351374,Success,CID524066,Prime SUV,Mysore Road,Peenya,42,130,NA,NA,No,NA,473,Cash,49,4,4.2
04-07-2024,6.13.00 PM,CNR2869164142,Success,CID884352,Prime SUV,BTM Layout,Malleshwaram,126,115,NA,NA,No,NA,259,Cash,11,4.8,4.5
27-07-2024,11.58.00 AM,CNR8303547069,Success,CID471469,Mini,Langford Town,Richmond Town,77,35,NA,NA,No,NA,310,Credit Card,2,3.3,3.1
09-07-2024,9.32.00 PM,CNR7368110421,Canceled by Driver,CID372218,Mini,Peenya,Sarjapur Road,NA,NA,NA,Personal & Car related issue,NA,NA,200,NA,0,0,0
30-07-2024,10.14.00 AM,CNR7500310853,Success,CID377809,Prime Sedan,Jayanagar,Richmond Town,189,85,NA,NA,No,NA,471,UPI,39,3.5,3.7
13-07-2024,9.23.00 PM,CNR8925319975,Success,CID388701,Prime Sedan,Yelahanka,Rajajinagar,287,125,NA,NA,No,NA,442,UPI,37,4.1,4.5
29-07-2024,7.56.00 PM,CNR9261561390,Success,CID853883,Auto,Koramangala,Majestic,175,65,NA,NA,No,NA,228,Cash,10,3.7,4.3
24-07-2024,9.25.00 AM,CNR3165383119,Canceled by Driver,CID765484,Prime SUV,Devanahalli,KR Puram,NA,NA,NA,Customer was coughing/sick,NA,NA,232,NA,0,0,0
29-07-2024,11.15.00 PM,CNR7006798592,Driver Not Found,CID786658,Prime Sedan,Ulsoor,RT Nagar,NA,NA,NA,NA,NA,NA,344,NA,0,0,0
08-07-2024,7.52.00 AM,CNR5613886410,Success,CID107686,Auto,Marathahalli,KR Puram,266,65,NA,NA,No,NA,2604,UPI,10,3.8,4.1
16-07-2024,4.52.00 AM,CNR5841521780,Success,CID768996,Prime SUV,Ramamurthy Nagar,Varthur,210,120,NA,NA,No,NA,274,Cash,37,3.1,3.6
09-07-2024,1.07.00 PM,CNR1281921513,Canceled by Customer,CID163474,Mini,Malleshwaram,Magadi Road,NA,NA,Driver is not moving towards pickup location,NA,NA,NA,895,NA,0,0,0
26-07-2024,4.05.00 PM,CNR2959980296,Success,CID509309,Bike,Hosur Road,Richmond Town,91,60,NA,NA,No,NA,279,Cash,34,4.5,3.2
26-07-2024,11.32.00 PM,CNR6765124275,Success,CID630281,Prime Sedan,Chamarajpet,Banashankari,294,45,NA,NA,No,NA,1946,Cash,16,3,3.5
05-07-2024,4.23.00 AM,CNR9762994658,Success,CID443169,Prime Plus,RT Nagar,Sahakar Nagar,231,65,NA,NA,No,NA,1024,UPI,4,4.8,4.1
23-07-2024,10.25.00 AM,CNR8072285783,Canceled by Customer,CID652081,Prime Plus,Frazer Town,Sarjapur Road,NA,NA,Driver asked to cancel,NA,NA,NA,294,NA,0,0,0
23-07-2024,7.44.00 PM,CNR8116331340,Success,CID777382,Auto,RT Nagar,Sarjapur Road,266,55,NA,NA,No,NA,252,UPI,8,4,4.8
28-07-2024,10.29.00 AM,CNR3491700602,Success,CID247449,Mini,Richmond Town,Langford Town,84,145,NA,NA,No,NA,2542,UPI,2,3.5,4.1
19-07-2024,3.04.00 PM,CNR2166456022,Success,CID930312,Mini,Yeshwanthpur,Indiranagar,266,75,NA,NA,No,NA,1821,Cash,34,4.4,4.7
12-07-2024,8.33.00 AM,CNR2177201692,Success,CID614111,Mini,Richmond Town,Yeshwanthpur,105,145,NA,NA,No,NA,200,Cash,31,4.9,4
16-07-2024,10.22.00 AM,CNR5755482161,Canceled by Driver,CID126097,Prime SUV,Koramangala,Indiranagar,NA,NA,NA,Customer was coughing/sick,NA,NA,152,NA,0,0,0
25-07-2024,11.15.00 AM,CNR4484571820,Success,CID645793,Auto,HSR Layout,Hosur Road,133,145,NA,NA,No,NA,2388,Cash,4,4.4,3.6
28-07-2024,6.34.00 AM,CNR7377461832,Success,CID719814,eBike,Ulsoor,Padmanabhanagar,77,100,NA,NA,No,NA,783,Cash,37,3.5,3.5
03-07-2024,8.56.00 PM,CNR2363111317,Driver Not Found,CID665310,Prime Plus,Electronic City,KR Puram,NA,NA,NA,NA,NA,NA,208,NA,0,0,0
17-07-2024,7.28.00 AM,CNR2976802436,Success,CID592039,Prime SUV,Tumkur Road,Cox Town,168,50,NA,NA,No,NA,1181,UPI,10,3.4,4.9
01-07-2024,3.29.00 AM,CNR8474873609,Canceled by Customer,CID968838,Prime Plus,HSR Layout,KR Puram,NA,NA,Change of plans,NA,NA,NA,843,NA,0,0,0
20-07-2024,1.53.00 PM,CNR1945536909,Success,CID796614,Auto,Sahakar Nagar,JP Nagar,224,80,NA,NA,No,NA,441,Cash,7,3,3.1
10-07-2024,2.02.00 AM,CNR8097291227,Success,CID734844,Prime Plus,Mysore Road,Rajajinagar,238,25,NA,NA,No,NA,332,UPI,38,3.8,3.4
12-07-2024,4.22.00 PM,CNR1433815646,Success,CID307267,Prime SUV,Banashankari,Marathahalli,42,65,NA,NA,No,NA,832,Cash,11,3.4,4.1
15-07-2024,6.58.00 AM,CNR5876056264,Success,CID568720,Prime SUV,Kadugodi,Shantinagar,231,30,NA,NA,No,NA,1361,UPI,47,4,3.9
04-07-2024,9.47.00 PM,CNR2943788515,Canceled by Driver,CID627311,Bike,Shantinagar,Ramamurthy Nagar,NA,NA,NA,More than permitted people in there,NA,NA,415,NA,0,0,0
28-07-2024,7.06.00 AM,CNR5599931622,Success,CID822709,Prime SUV,Peenya,Frazer Town,42,55,NA,NA,No,NA,747,Cash,28,3.8,3
02-07-2024,1.54.00 AM,CNR6776927575,Success,CID817693,Bike,Hosur Road,Nagarbhavi,245,55,NA,NA,No,NA,129,Cash,5,4.4,4.2
10-07-2024,6.38.00 PM,CNR4880622143,Success,CID602848,eBike,Rajajinagar,Kammanahalli,98,100,NA,NA,No,NA,296,UPI,34,3.3,4.2
27-07-2024,3.13.00 AM,CNR2841702950,Success,CID268274,Auto,Sarjapur Road,Sarjapur Road,231,105,NA,NA,No,NA,337,UPI,18,4.5,4.2
09-07-2024,2.52.00 PM,CNR2747846957,Success,CID700413,Prime Sedan,Majestic,Malleshwaram,308,140,NA,NA,No,NA,896,UPI,45,4,4.1
05-07-2024,9.33.00 AM,CNR4795488474,Success,CID943263,Prime Sedan,Peenya,Frazer Town,189,60,NA,NA,No,NA,151,Credit Card,11,4,4.8
06-07-2024,10.00.00 AM,CNR6662649739,Success,CID295666,Auto,Ramamurthy Nagar,Banashankari,189,35,NA,NA,No,NA,940,Debit Card,7,3.2,3.5
10-07-2024,9.28.00 AM,CNR2524442918,Success,CID471692,Prime Plus,Hulimavu,RT Nagar,98,140,NA,NA,No,NA,729,Credit Card,13,4.5,5
01-07-2024,10.12.00 AM,CNR4977956798,Success,CID782900,Auto,Banashankari,Sarjapur Road,189,45,NA,NA,No,NA,128,Cash,1,4.6,4.8
26-07-2024,3.07.00 PM,CNR2002215420,Success,CID109502,Prime SUV,Whitefield,BTM Layout,77,75,NA,NA,No,NA,274,Cash,42,4,3.4
13-07-2024,4.23.00 AM,CNR9590311980,Success,CID957268,Auto,Bannerghatta Road,Tumkur Road,105,25,NA,NA,Yes,Customer Demand,352,Cash,8,5,3.8
30-07-2024,5.14.00 AM,CNR3124565731,Success,CID578023,Auto,Basavanagudi,Chickpet,189,55,NA,NA,No,NA,238,UPI,6,4.5,3
20-07-2024,11.34.00 AM,CNR6090870401,Success,CID301446,Prime SUV,Ramamurthy Nagar,KR Puram,280,30,NA,NA,No,NA,477,Cash,19,4.1,4.3
23-07-2024,3.38.00 PM,CNR9405757355,Success,CID176162,Auto,Richmond Town,Banashankari,196,145,NA,NA,No,NA,186,UPI,15,4.7,4.6
01-07-2024,11.55.00 AM,CNR7078608984,Driver Not Found,CID926832,eBike,Shantinagar,Hebbal,NA,NA,NA,NA,NA,NA,117,NA,0,0,0
10-07-2024,6.52.00 PM,CNR4166475803,Success,CID615978,Prime SUV,Banashankari,Yelahanka,168,90,NA,NA,No,NA,193,UPI,13,3.8,3.2
06-07-2024,12.51.00 PM,CNR3641224150,Success,CID431557,Mini,Majestic,Magadi Road,98,60,NA,NA,No,NA,395,UPI,41,4.3,4.8
14-07-2024,4.42.00 PM,CNR7307808711,Success,CID928859,Prime SUV,MG Road,BTM Layout,147,75,NA,NA,No,NA,857,Cash,45,4.7,4
16-07-2024,10.49.00 PM,CNR9207534980,Canceled by Driver,CID926602,Prime Plus,Whitefield,Kammanahalli,NA,NA,NA,Customer related issue,NA,NA,819,NA,0,0,0
13-07-2024,10.16.00 AM,CNR8478607960,Success,CID374876,Prime Sedan,Shivajinagar,BTM Layout,35,45,NA,NA,No,NA,484,UPI,16,4.1,4.5
04-07-2024,8.50.00 AM,CNR6867991693,Success,CID139968,Prime Plus,Bellandur,Indiranagar,84,70,NA,NA,No,NA,648,Cash,3,4.9,4.8
04-07-2024,11.55.00 AM,CNR4134417165,Success,CID298474,Bike,Ulsoor,Whitefield,196,130,NA,NA,No,NA,153,Cash,20,4.1,3.9
21-07-2024,1.50.00 AM,CNR6026842144,Success,CID533256,Prime SUV,Bannerghatta Road,Padmanabhanagar,70,140,NA,NA,No,NA,232,Credit Card,28,4.3,4.7
05-07-2024,8.41.00 AM,CNR1373400641,Canceled by Driver,CID137733,Mini,Shivajinagar,Kadugodi,NA,NA,NA,More than permitted people in there,NA,NA,478,NA,0,0,0
01-07-2024,5.01.00 AM,CNR7756361076,Canceled by Driver,CID843494,Auto,Koramangala,Hebbal,NA,NA,NA,Customer was coughing/sick,NA,NA,850,NA,0,0,0
06-07-2024,12.38.00 AM,CNR1058833099,Success,CID705304,Bike,Frazer Town,Jayanagar,294,75,NA,NA,No,NA,673,Cash,25,4.1,3.6
22-07-2024,12.46.00 PM,CNR8150133799,Driver Not Found,CID406881,eBike,Chickpet,HSR Layout,NA,NA,NA,NA,NA,NA,315,NA,0,0,0
20-07-2024,12.11.00 AM,CNR3136784868,Success,CID703583,Prime SUV,Shivajinagar,Indiranagar,63,125,NA,NA,No,NA,1033,Cash,2,4.1,3.6
17-07-2024,3.54.00 AM,CNR2919641369,Canceled by Customer,CID137586,Prime SUV,Tumkur Road,Langford Town,NA,NA,Driver is not moving towards pickup location,NA,NA,NA,825,NA,0,0,0
23-07-2024,11.49.00 PM,CNR4311649934,Canceled by Customer,CID379072,Prime SUV,Sahakar Nagar,Hosur Road,NA,NA,Wrong Address,NA,NA,NA,213,NA,0,0,0
28-07-2024,1.53.00 PM,CNR8258871692,Driver Not Found,CID804974,Auto,Peenya,Cox Town,NA,NA,NA,NA,NA,NA,125,NA,0,0,0
29-07-2024,12.08.00 AM,CNR7844432925,Success,CID635965,Prime SUV,Electronic City,KR Puram,280,80,NA,NA,No,NA,362,Cash,36,4.1,4.6
03-07-2024,4.49.00 PM,CNR3149119791,Success,CID606573,Mini,Hebbal,Ulsoor,224,50,NA,NA,No,NA,471,Credit Card,22,3.5,3.3
01-07-2024,10.15.00 PM,CNR6545513695,Success,CID932866,Prime SUV,Kengeri,Devanahalli,252,125,NA,NA,No,NA,163,UPI,23,4.3,4.3
13-07-2024,3.12.00 AM,CNR6427297269,Success,CID418039,Mini,Shivajinagar,KR Puram,56,140,NA,NA,No,NA,142,Cash,6,3.8,3.6
25-07-2024,3.49.00 AM,CNR1684336791,Canceled by Customer,CID339379,Prime Plus,HSR Layout,Kengeri,NA,NA,AC is Not working,NA,NA,NA,451,NA,0,0,0
05-07-2024,9.23.00 AM,CNR8107628541,Canceled by Customer,CID131079,Prime SUV,Peenya,Kadugodi,NA,NA,Driver is not moving towards pickup location,NA,NA,NA,358,NA,0,0,0
03-07-2024,6.16.00 PM,CNR8516392891,Success,CID214348,Prime Sedan,Shivajinagar,Kadugodi,308,60,NA,NA,No,NA,365,Cash,36,4.9,4
12-07-2024,12.38.00 PM,CNR5043217856,Canceled by Driver,CID298396,Auto,Sarjapur Road,Chamarajpet,NA,NA,NA,Personal & Car related issue,NA,NA,752,NA,0,0,0
18-07-2024,5.39.00 PM,CNR7829903493,Canceled by Driver,CID459892,eBike,Indiranagar,Kammanahalli,NA,NA,NA,Customer was coughing/sick,NA,NA,531,NA,0,0,0
17-07-2024,10.51.00 PM,CNR4290294193,Canceled by Driver,CID451045,Auto,Richmond Town,Sahakar Nagar,NA,NA,NA,Customer was coughing/sick,NA,NA,111,NA,0,0,0
30-07-2024,5.37.00 PM,CNR4330381266,Success,CID215319,Auto,Banashankari,Rajarajeshwari Nagar,168,135,NA,NA,No,NA,216,UPI,5,4.4,4.3
11-07-2024,10.25.00 AM,CNR6146948780,Success,CID988392,eBike,Bannerghatta Road,Kammanahalli,196,125,NA,NA,No,NA,147,UPI,39,3.3,3.2
23-07-2024,6.51.00 AM,CNR4211386643,Canceled by Driver,CID351096,eBike,RT Nagar,HSR Layout,NA,NA,NA,Customer related issue,NA,NA,433,NA,0,0,0
21-07-2024,4.24.00 PM,CNR5828080027,Success,CID562246,Prime Plus,Sarjapur Road,Banashankari,287,125,NA,NA,No,NA,664,UPI,24,3.6,4.4
24-07-2024,12.10.00 AM,CNR5043719137,Success,CID638458,Mini,Banashankari,Kammanahalli,98,50,NA,NA,No,NA,159,UPI,40,4,4.7
28-07-2024,4.31.00 PM,CNR2332223815,Success,CID557188,Mini,Whitefield,Ramamurthy Nagar,70,85,NA,NA,No,NA,556,UPI,27,5,3.2
24-07-2024,2.27.00 AM,CNR5863244684,Success,CID798517,eBike,Hebbal,HSR Layout,252,110,NA,NA,Yes,Customer Demand,184,Cash,2,4.3,4.4
19-07-2024,10.54.00 PM,CNR2051641681,Success,CID776786,Auto,Ulsoor,Kadugodi,294,65,NA,NA,No,NA,295,Cash,6,3.5,3.2
04-07-2024,12.38.00 AM,CNR6963252366,Success,CID565564,Bike,Yeshwanthpur,Kadugodi,168,145,NA,NA,No,NA,794,Cash,25,4.8,4
02-07-2024,10.59.00 PM,CNR6561084640,Success,CID983895,Bike,Kengeri,Magadi Road,301,110,NA,NA,No,NA,330,Cash,27,4,4.1
03-07-2024,6.29.00 PM,CNR8606343558,Success,CID193075,Bike,Kadugodi,Yeshwanthpur,63,95,NA,NA,No,NA,187,UPI,34,4.9,3.8
24-07-2024,10.52.00 AM,CNR6129451090,Success,CID579290,Prime Sedan,Shantinagar,Bannerghatta Road,84,145,NA,NA,No,NA,487,Cash,9,3.6,3.8
19-07-2024,11.19.00 PM,CNR8991153488,Canceled by Driver,CID563608,eBike,Vijayanagar,Kadugodi,NA,NA,NA,Personal & Car related issue,NA,NA,426,NA,0,0,0
14-07-2024,8.16.00 AM,CNR3555127202,Success,CID334563,Auto,Koramangala,Varthur,105,40,NA,NA,No,NA,229,Cash,15,4.6,5
30-07-2024,6.06.00 PM,CNR2478670622,Success,CID381271,Prime Plus,Hennur,Hosur Road,154,130,NA,NA,No,NA,445,UPI,48,4.9,4.6
29-07-2024,12.13.00 PM,CNR2637746164,Success,CID131513,Auto,Hebbal,Majestic,182,70,NA,NA,No,NA,134,Cash,8,3.3,4
16-07-2024,10.32.00 AM,CNR1098685369,Success,CID366678,Auto,Basavanagudi,Nagarbhavi,154,145,NA,NA,No,NA,119,Cash,9,4.2,4
02-07-2024,6.20.00 PM,CNR3013333422,Driver Not Found,CID377403,eBike,Kadugodi,Hennur,NA,NA,NA,NA,NA,NA,214,NA,0,0,0
30-07-2024,9.17.00 AM,CNR6731320458,Success,CID470881,Prime Sedan,Hosur Road,Koramangala,77,25,NA,NA,No,NA,113,Cash,14,4.9,3.6
28-07-2024,10.17.00 AM,CNR1523677800,Canceled by Driver,CID967088,Prime SUV,Ramamurthy Nagar,Kammanahalli,NA,NA,NA,Personal & Car related issue,NA,NA,362,NA,0,0,0
09-07-2024,8.36.00 PM,CNR5683291566,Success,CID221217,Prime SUV,Sahakar Nagar,Indiranagar,119,25,NA,NA,No,NA,545,UPI,6,3.3,4.9
11-07-2024,10.28.00 AM,CNR9411398805,Success,CID416695,Prime Plus,Padmanabhanagar,RT Nagar,287,95,NA,NA,No,NA,498,Cash,11,3.2,4.3
15-07-2024,10.51.00 PM,CNR7845975089,Driver Not Found,CID221620,Bike,RT Nagar,Ulsoor,NA,NA,NA,NA,NA,NA,117,NA,0,0,0
03-07-2024,10.59.00 PM,CNR3855977560,Canceled by Driver,CID634914,Prime Sedan,Hulimavu,Richmond Town,NA,NA,NA,More than permitted people in there,NA,NA,230,NA,0,0,0
25-07-2024,1.44.00 AM,CNR6774178719,Success,CID902361,eBike,KR Puram,Marathahalli,105,35,NA,NA,No,NA,304,Cash,28,3.6,3
27-07-2024,1.10.00 PM,CNR4046969463,Canceled by Driver,CID788327,Prime Plus,Koramangala,Devanahalli,NA,NA,NA,Personal & Car related issue,NA,NA,318,NA,0,0,0
01-07-2024,9.22.00 PM,CNR4475747544,Success,CID337010,Prime Sedan,Chickpet,Langford Town,259,95,NA,NA,No,NA,130,Cash,18,3.1,4.9
07-07-2024,4.37.00 PM,CNR5165798104,Success,CID831932,Bike,Bannerghatta Road,Koramangala,189,75,NA,NA,No,NA,419,Cash,12,4.7,4.2
05-07-2024,3.15.00 PM,CNR4392965412,Canceled by Driver,CID966732,Prime SUV,Kammanahalli,Richmond Town,NA,NA,NA,Customer related issue,NA,NA,399,NA,0,0,0
22-07-2024,7.30.00 PM,CNR1167401662,Driver Not Found,CID981323,Mini,JP Nagar,Hulimavu,NA,NA,NA,NA,NA,NA,2900,NA,0,0,0
27-07-2024,11.39.00 AM,CNR2822610940,Success,CID301559,Bike,Mysore Road,Yelahanka,168,70,NA,NA,No,NA,121,Cash,31,4.2,3.1
14-07-2024,1.07.00 AM,CNR6691577601,Success,CID983207,Prime Sedan,MG Road,RT Nagar,189,90,NA,NA,No,NA,107,UPI,27,3.5,3.3
17-07-2024,9.09.00 PM,CNR9445908039,Canceled by Customer,CID921864,Mini,Hosur Road,Banashankari,NA,NA,Driver is not moving towards pickup location,NA,NA,NA,424,NA,0,0,0
21-07-2024,8.34.00 PM,CNR3423157511,Canceled by Driver,CID704228,Bike,Electronic City,Nagarbhavi,NA,NA,NA,Customer was coughing/sick,NA,NA,307,NA,0,0,0
19-07-2024,5.32.00 PM,CNR1324239592,Success,CID647625,eBike,KR Puram,Kammanahalli,119,70,NA,NA,No,NA,583,Cash,40,4.5,4.2
05-07-2024,1.18.00 AM,CNR8086928686,Canceled by Driver,CID506037,Mini,Nagarbhavi,MG Road,NA,NA,NA,Personal & Car related issue,NA,NA,325,NA,0,0,0
22-07-2024,5.44.00 AM,CNR3412387949,Success,CID786300,Prime Sedan,Majestic,Hulimavu,154,140,NA,NA,No,NA,216,UPI,33,4.4,4.5
07-07-2024,6.55.00 AM,CNR9728294566,Canceled by Driver,CID444964,Mini,Indiranagar,Whitefield,NA,NA,NA,Customer related issue,NA,NA,337,NA,0,0,0
17-07-2024,9.06.00 PM,CNR3797886537,Success,CID692922,Prime SUV,KR Puram,Yeshwanthpur,196,120,NA,NA,No,NA,373,Cash,26,4.6,4.1
16-07-2024,3.12.00 AM,CNR2918335042,Canceled by Customer,CID267651,Bike,Magadi Road,Vijayanagar,NA,NA,Change of plans,NA,NA,NA,121,NA,0,0,0
23-07-2024,8.56.00 AM,CNR7683288053,Success,CID472301,Prime Plus,Vijayanagar,KR Puram,140,135,NA,NA,No,NA,584,UPI,18,3.1,3.3
30-07-2024,4.29.00 AM,CNR7308621555,Canceled by Customer,CID255257,Mini,Sahakar Nagar,Whitefield,NA,NA,AC is Not working,NA,NA,NA,372,NA,0,0,0
01-07-2024,11.33.00 PM,CNR6893200456,Canceled by Driver,CID590573,Prime SUV,Whitefield,Rajarajeshwari Nagar,NA,NA,NA,Personal & Car related issue,NA,NA,482,NA,0,0,0
28-07-2024,1.48.00 AM,CNR8506315424,Canceled by Customer,CID384102,Mini,Hosur Road,Peenya,NA,NA,Wrong Address,NA,NA,NA,169,NA,0,0,0
07-07-2024,5.42.00 AM,CNR6289456005,Driver Not Found,CID341767,Bike,Malleshwaram,Malleshwaram,NA,NA,NA,NA,NA,NA,655,NA,0,0,0
26-07-2024,10.10.00 AM,CNR3652386033,Success,CID718764,Bike,Jayanagar,MG Road,119,30,NA,NA,No,NA,398,UPI,4,3.3,3.3
24-07-2024,11.32.00 AM,CNR7500140086,Success,CID711398,Prime SUV,Langford Town,Tumkur Road,154,90,NA,NA,No,NA,198,Cash,2,3.3,3.6
15-07-2024,9.55.00 AM,CNR9206491878,Driver Not Found,CID219381,Prime Sedan,Rajajinagar,Padmanabhanagar,NA,NA,NA,NA,NA,NA,482,NA,0,0,0
29-07-2024,3.17.00 AM,CNR1508971604,Success,CID902685,Prime Sedan,Hebbal,BTM Layout,238,140,NA,NA,No,NA,305,UPI,23,3.8,4.4
03-07-2024,3.14.00 PM,CNR4004898445,Canceled by Driver,CID501660,Mini,Peenya,Padmanabhanagar,NA,NA,NA,More than permitted people in there,NA,NA,294,NA,0,0,0
06-07-2024,7.14.00 AM,CNR8826275068,Success,CID257693,Prime Sedan,Richmond Town,Tumkur Road,252,65,NA,NA,No,NA,161,Cash,5,4.1,4
02-07-2024,1.18.00 PM,CNR9942066704,Canceled by Driver,CID908062,Prime Sedan,Yelahanka,Sarjapur Road,NA,NA,NA,Customer related issue,NA,NA,404,NA,0,0,0
01-07-2024,10.09.00 AM,CNR2361275900,Success,CID429569,Auto,Magadi Road,Peenya,126,60,NA,NA,No,NA,169,Cash,12,4.7,3.8
03-07-2024,9.20.00 AM,CNR4419040819,Success,CID644474,Bike,Kengeri,Devanahalli,56,45,NA,NA,No,NA,501,UPI,49,4.5,3.1
07-07-2024,4.41.00 PM,CNR1911058132,Success,CID309575,Mini,Mysore Road,Hosur Road,301,125,NA,NA,No,NA,101,Cash,1,3.6,3.7
20-07-2024,3.47.00 AM,CNR8926984331,Success,CID860681,Auto,Kengeri,Shantinagar,175,120,NA,NA,No,NA,192,Cash,15,4.6,4.5
18-07-2024,12.57.00 PM,CNR2191224963,Canceled by Driver,CID702491,Mini,Koramangala,Varthur,NA,NA,NA,More than permitted people in there,NA,NA,393,NA,0,0,0
04-07-2024,9.10.00 PM,CNR6024993831,Canceled by Customer,CID689882,eBike,Cox Town,Kadugodi,NA,NA,AC is Not working,NA,NA,NA,414,NA,0,0,0
03-07-2024,4.20.00 AM,CNR3704418934,Canceled by Customer,CID679996,Bike,Yeshwanthpur,Malleshwaram,NA,NA,Change of plans,NA,NA,NA,1816,NA,0,0,0
05-07-2024,6.38.00 AM,CNR6259704301,Success,CID228411,Prime Sedan,Jayanagar,HSR Layout,161,75,NA,NA,No,NA,366,Cash,28,3.8,3.2
11-07-2024,12.22.00 AM,CNR4588889454,Driver Not Found,CID955141,Prime SUV,Rajarajeshwari Nagar,Cox Town,NA,NA,NA,NA,NA,NA,417,NA,0,0,0
06-07-2024,8.41.00 AM,CNR9102117353,Success,CID226904,Prime Plus,Cox Town,Magadi Road,231,135,NA,NA,No,NA,2884,UPI,48,3.8,4.9
25-07-2024,7.33.00 AM,CNR9855871509,Canceled by Driver,CID750118,Prime Sedan,RT Nagar,Mysore Road,NA,NA,NA,Personal & Car related issue,NA,NA,371,NA,0,0,0
30-07-2024,7.29.00 PM,CNR6491202733,Success,CID188757,Mini,Magadi Road,Cox Town,56,45,NA,NA,No,NA,175,UPI,2,3.4,3.3
11-07-2024,12.39.00 PM,CNR1767970743,Success,CID989298,Bike,Peenya,Rajarajeshwari Nagar,70,85,NA,NA,No,NA,494,UPI,28,3.1,3.8
30-07-2024,12.04.00 PM,CNR6136026561,Success,CID233895,eBike,HSR Layout,Bellandur,49,100,NA,NA,No,NA,441,UPI,27,3.1,3.1
23-07-2024,3.34.00 PM,CNR7642653871,Success,CID877855,Prime Sedan,Banashankari,Sarjapur Road,252,80,NA,NA,No,NA,471,Cash,23,4.4,4.6
05-07-2024,9.57.00 PM,CNR8369636566,Success,CID718559,Prime Plus,Indiranagar,Yelahanka,210,85,NA,NA,No,NA,389,Cash,14,3.2,4.6
16-07-2024,9.26.00 AM,CNR8073437118,Canceled by Driver,CID580478,eBike,Hennur,Langford Town,NA,NA,NA,Customer related issue,NA,NA,202,NA,0,0,0
08-07-2024,10.13.00 PM,CNR5116585243,Canceled by Driver,CID847377,Auto,Tumkur Road,Ulsoor,NA,NA,NA,Customer was coughing/sick,NA,NA,253,NA,0,0,0
09-07-2024,6.33.00 PM,CNR9699923253,Success,CID398168,Prime SUV,Indiranagar,Basavanagudi,217,105,NA,NA,No,NA,882,Cash,43,3.2,4.1
16-07-2024,8.35.00 AM,CNR1201589640,Canceled by Customer,CID539191,Prime Sedan,Banashankari,Cox Town,NA,NA,Driver asked to cancel,NA,NA,NA,176,NA,0,0,0
08-07-2024,7.31.00 PM,CNR1689403754,Success,CID515450,Mini,Devanahalli,Hosur Road,259,120,NA,NA,No,NA,417,UPI,24,4.2,3.8
06-07-2024,11.56.00 PM,CNR1501229480,Success,CID323779,Mini,Banashankari,Richmond Town,273,55,NA,NA,No,NA,130,Credit Card,41,3.5,4.5
14-07-2024,6.47.00 AM,CNR8602417067,Success,CID771701,Prime SUV,Cox Town,Basavanagudi,168,40,NA,NA,No,NA,235,UPI,17,3.7,3.7
01-07-2024,9.16.00 AM,CNR5180944150,Success,CID200875,Prime Sedan,Magadi Road,Bannerghatta Road,231,60,NA,NA,No,NA,325,Credit Card,21,4.7,5
05-07-2024,7.57.00 AM,CNR5569548787,Success,CID141634,Prime Plus,Banashankari,Shivajinagar,252,40,NA,NA,No,NA,290,UPI,22,4.8,4.4
04-07-2024,11.51.00 PM,CNR2826030097,Success,CID786912,Bike,Koramangala,Mysore Road,63,25,NA,NA,No,NA,131,Cash,20,4.4,3.1
23-07-2024,6.37.00 PM,CNR4887495881,Canceled by Customer,CID916150,Prime SUV,Chamarajpet,Ramamurthy Nagar,NA,NA,AC is Not working,NA,NA,NA,148,NA,0,0,0
25-07-2024,2.41.00 AM,CNR4946474476,Canceled by Customer,CID605609,Bike,Chamarajpet,BTM Layout,NA,NA,AC is Not working,NA,NA,NA,463,NA,0,0,0
24-07-2024,5.57.00 AM,CNR5414099759,Success,CID387411,Prime Sedan,Rajajinagar,Ramamurthy Nagar,161,140,NA,NA,No,NA,339,UPI,17,3.1,3.4
08-07-2024,8.17.00 PM,CNR2568139914,Driver Not Found,CID878056,Prime SUV,Whitefield,RT Nagar,NA,NA,NA,NA,NA,NA,314,NA,0,0,0
22-07-2024,3.32.00 AM,CNR8892975500,Success,CID485817,Bike,Rajarajeshwari Nagar,Sahakar Nagar,91,145,NA,NA,No,NA,512,Cash,48,3.1,4.2
19-07-2024,2.31.00 PM,CNR7552726236,Driver Not Found,CID398384,Prime Plus,Magadi Road,Chickpet,NA,NA,NA,NA,NA,NA,443,NA,0,0,0
03-07-2024,9.45.00 PM,CNR1200026621,Success,CID233911,Prime SUV,Chickpet,Tumkur Road,266,85,NA,NA,No,NA,1467,UPI,32,4.7,3.5
04-07-2024,2.26.00 AM,CNR4187447284,Driver Not Found,CID657255,Prime SUV,Ramamurthy Nagar,RT Nagar,NA,NA,NA,NA,NA,NA,353,NA,0,0,0
01-07-2024,7.28.00 AM,CNR3659491874,Success,CID573670,Auto,KR Puram,Bannerghatta Road,154,110,NA,NA,No,NA,444,UPI,1,3.8,4.1
17-07-2024,7.05.00 AM,CNR3623533429,Success,CID447644,Prime Plus,Basavanagudi,Yeshwanthpur,210,55,NA,NA,No,NA,476,UPI,23,3.1,4.9
13-07-2024,8.08.00 PM,CNR3824632577,Canceled by Driver,CID713810,Bike,Sahakar Nagar,Koramangala,NA,NA,NA,Personal & Car related issue,NA,NA,142,NA,0,0,0
24-07-2024,6.37.00 AM,CNR2817233926,Success,CID620466,eBike,Kengeri,Koramangala,154,145,NA,NA,No,NA,471,UPI,26,4.9,3.8
13-07-2024,11.05.00 AM,CNR2091398962,Success,CID935203,eBike,Bannerghatta Road,Indiranagar,252,40,NA,NA,No,NA,382,Cash,21,3.6,4.2
01-07-2024,12.31.00 AM,CNR5220085842,Canceled by Driver,CID775449,Prime Sedan,Rajajinagar,Bellandur,NA,NA,NA,Personal & Car related issue,NA,NA,401,NA,0,0,0
28-07-2024,10.43.00 AM,CNR9795770576,Success,CID518512,Auto,Yelahanka,Basavanagudi,161,30,NA,NA,No,NA,148,Cash,18,3.1,4.1
15-07-2024,7.16.00 PM,CNR4627809411,Success,CID463284,Auto,Shivajinagar,Electronic City,119,100,NA,NA,No,NA,204,UPI,11,4.8,3.4
17-07-2024,11.21.00 AM,CNR4003939102,Success,CID193230,Mini,Varthur,Tumkur Road,168,110,NA,NA,No,NA,666,Cash,9,4.5,3
30-07-2024,5.53.00 AM,CNR1308261538,Success,CID605780,eBike,Richmond Town,Rajarajeshwari Nagar,126,60,NA,NA,No,NA,425,UPI,5,4.8,4.4
17-07-2024,8.58.00 AM,CNR1556710084,Success,CID201508,Prime Sedan,RT Nagar,JP Nagar,154,105,NA,NA,No,NA,172,Cash,41,3.1,4.2
27-07-2024,9.22.00 AM,CNR4639016703,Success,CID649293,Prime Plus,Langford Town,Nagarbhavi,98,50,NA,NA,No,NA,398,Cash,35,4.9,3.5
07-07-2024,9.53.00 PM,CNR3136156514,Canceled by Customer,CID270149,Prime Plus,Indiranagar,Sarjapur Road,NA,NA,Wrong Address,NA,NA,NA,741,NA,0,0,0
24-07-2024,9.47.00 AM,CNR6635680436,Driver Not Found,CID740522,Prime Plus,Devanahalli,Jayanagar,NA,NA,NA,NA,NA,NA,446,NA,0,0,0
16-07-2024,1.47.00 AM,CNR6522259243,Canceled by Driver,CID499536,Prime Sedan,Tumkur Road,Chamarajpet,NA,NA,NA,More than permitted people in there,NA,NA,315,NA,0,0,0
20-07-2024,2.52.00 AM,CNR9257492650,Success,CID288060,Bike,MG Road,Shantinagar,112,125,NA,NA,No,NA,470,Cash,38,3.6,4.2
20-07-2024,4.03.00 AM,CNR9054081319,Success,CID723227,Auto,JP Nagar,Bannerghatta Road,161,40,NA,NA,No,NA,106,UPI,7,3.4,4.9
04-07-2024,3.47.00 AM,CNR3186546295,Success,CID529533,Prime Plus,Koramangala,Bannerghatta Road,119,135,NA,NA,No,NA,1468,Cash,31,4.7,4.2
11-07-2024,3.19.00 PM,CNR5237090288,Canceled by Driver,CID422022,Prime SUV,Kadugodi,Jayanagar,NA,NA,NA,Personal & Car related issue,NA,NA,408,NA,0,0,0
04-07-2024,1.18.00 AM,CNR9526078867,Success,CID900085,eBike,HSR Layout,Hulimavu,294,95,NA,NA,Yes,Customer Demand,1805,UPI,4,3.7,4
03-07-2024,1.51.00 PM,CNR2055496400,Canceled by Customer,CID734557,Auto,Mysore Road,Sahakar Nagar,NA,NA,Driver asked to cancel,NA,NA,NA,2925,NA,0,0,0
22-07-2024,12.45.00 AM,CNR1352748737,Driver Not Found,CID392228,Prime Sedan,Hebbal,Frazer Town,NA,NA,NA,NA,NA,NA,1048,NA,0,0,0
29-07-2024,6.24.00 PM,CNR8505998754,Success,CID393226,Mini,Marathahalli,Shivajinagar,112,130,NA,NA,No,NA,360,UPI,1,4.4,4.7
08-07-2024,2.26.00 PM,CNR3848737052,Canceled by Customer,CID999015,Mini,Varthur,Kengeri,NA,NA,Driver is not moving towards pickup location,NA,NA,NA,341,NA,0,0,0
27-07-2024,8.42.00 AM,CNR3022399674,Success,CID791723,eBike,Sarjapur Road,Peenya,287,55,NA,NA,No,NA,310,Cash,2,3.1,4.9
15-07-2024,10.10.00 PM,CNR4201304521,Success,CID207572,eBike,Kammanahalli,Frazer Town,63,105,NA,NA,No,NA,1289,Cash,3,4.4,3.3
08-07-2024,6.55.00 PM,CNR9511092010,Success,CID643112,Mini,Majestic,KR Puram,287,80,NA,NA,No,NA,1540,UPI,12,3.4,4.6
24-07-2024,4.00.00 PM,CNR8110334234,Success,CID107282,Prime Plus,MG Road,Hennur,294,50,NA,NA,No,NA,745,Cash,3,3.8,4.7
19-07-2024,8.32.00 AM,CNR1820951934,Canceled by Customer,CID228355,Prime SUV,Kammanahalli,Hosur Road,NA,NA,Driver asked to cancel,NA,NA,NA,459,NA,0,0,0
11-07-2024,2.28.00 AM,CNR3295449162,Success,CID182011,Prime SUV,Indiranagar,JP Nagar,126,45,NA,NA,No,NA,313,Cash,38,3.4,3.3
04-07-2024,1.18.00 AM,CNR8642502474,Canceled by Driver,CID252880,Prime Sedan,Hebbal,Koramangala,NA,NA,NA,Customer was coughing/sick,NA,NA,130,NA,0,0,0
04-07-2024,1.30.00 PM,CNR9405769135,Success,CID841846,eBike,Peenya,Padmanabhanagar,168,115,NA,NA,No,NA,517,Cash,14,3.6,4.7
27-07-2024,10.55.00 PM,CNR2179333461,Success,CID159326,Bike,Nagarbhavi,Vijayanagar,147,90,NA,NA,No,NA,332,UPI,31,4.4,4.3
01-07-2024,5.11.00 PM,CNR7446430391,Success,CID220370,eBike,Mysore Road,Marathahalli,224,45,NA,NA,No,NA,496,Cash,40,4.4,3.1
28-07-2024,11.40.00 PM,CNR2050487810,Canceled by Driver,CID376747,Prime SUV,Kengeri,Mysore Road,NA,NA,NA,Customer related issue,NA,NA,145,NA,0,0,0
07-07-2024,11.54.00 AM,CNR9970948492,Success,CID758267,Prime Sedan,Kammanahalli,Sahakar Nagar,112,100,NA,NA,No,NA,229,Cash,7,3,4.7
08-07-2024,4.01.00 PM,CNR3011053515,Canceled by Driver,CID131209,Bike,Rajajinagar,JP Nagar,NA,NA,NA,Personal & Car related issue,NA,NA,470,NA,0,0,0
29-07-2024,5.16.00 AM,CNR4591666574,Success,CID229257,eBike,Ulsoor,Kengeri,196,115,NA,NA,No,NA,278,UPI,48,3.5,4.2
28-07-2024,7.15.00 AM,CNR1610148184,Success,CID131708,Mini,Sahakar Nagar,Kammanahalli,49,50,NA,NA,No,NA,790,UPI,16,3.5,3.1
16-07-2024,3.48.00 AM,CNR4526799105,Driver Not Found,CID880836,Prime SUV,Cox Town,Rajajinagar,NA,NA,NA,NA,NA,NA,941,NA,0,0,0
07-07-2024,2.33.00 PM,CNR7697944209,Driver Not Found,CID199182,Auto,Jayanagar,Shivajinagar,NA,NA,NA,NA,NA,NA,2801,NA,0,0,0
19-07-2024,5.53.00 PM,CNR7154043084,Success,CID391013,Auto,Marathahalli,Indiranagar,140,115,NA,NA,Yes,Customer Demand,525,UPI,11,3,4.5
20-07-2024,8.07.00 PM,CNR9283642129,Canceled by Driver,CID276282,Prime SUV,RT Nagar,RT Nagar,NA,NA,NA,Personal & Car related issue,NA,NA,433,NA,0,0,0
21-07-2024,1.56.00 PM,CNR4676896526,Canceled by Driver,CID494856,Auto,Varthur,Marathahalli,NA,NA,NA,Customer related issue,NA,NA,376,NA,0,0,0
14-07-2024,8.29.00 PM,CNR1615053684,Success,CID180831,Mini,KR Puram,Ulsoor,252,140,NA,NA,No,NA,346,Cash,13,3.7,4.1
02-07-2024,4.06.00 PM,CNR7734380067,Canceled by Driver,CID853726,Prime SUV,Koramangala,JP Nagar,NA,NA,NA,More than permitted people in there,NA,NA,260,NA,0,0,0
19-07-2024,8.42.00 PM,CNR4851775364,Success,CID438573,Bike,Jayanagar,Chickpet,91,50,NA,NA,No,NA,213,Cash,14,4,3.8
17-07-2024,3.07.00 PM,CNR7896256729,Success,CID279281,Mini,Banashankari,Kengeri,210,145,NA,NA,No,NA,286,Cash,13,4.2,3.8
02-07-2024,7.25.00 PM,CNR7042244136,Success,CID998521,Prime Plus,Marathahalli,Sahakar Nagar,126,30,NA,NA,No,NA,156,Cash,25,3.7,3.4
06-07-2024,7.59.00 AM,CNR7908519469,Success,CID357963,eBike,Nagarbhavi,KR Puram,301,75,NA,NA,No,NA,757,Credit Card,30,3.2,4.7
11-07-2024,4.46.00 AM,CNR1121889731,Success,CID208336,Prime Sedan,Devanahalli,Mysore Road,301,60,NA,NA,No,NA,390,Cash,42,4.8,4
18-07-2024,3.01.00 PM,CNR3193710797,Success,CID467902,Prime Sedan,Padmanabhanagar,Richmond Town,161,120,NA,NA,Yes,Other Issue,976,UPI,27,4.3,4.3
08-07-2024,3.32.00 AM,CNR9772059065,Success,CID811485,Bike,Shantinagar,Rajajinagar,210,35,NA,NA,No,NA,683,Cash,14,4.7,3.4
29-07-2024,9.12.00 PM,CNR6820098709,Canceled by Driver,CID678710,eBike,Sahakar Nagar,Mysore Road,NA,NA,NA,Personal & Car related issue,NA,NA,329,NA,0,0,0
24-07-2024,3.36.00 PM,CNR9590135968,Success,CID652106,eBike,Yeshwanthpur,Tumkur Road,105,60,NA,NA,No,NA,999,UPI,43,4.6,4.2
08-07-2024,6.08.00 PM,CNR4053893416,Success,CID708547,Auto,Vijayanagar,Rajarajeshwari Nagar,259,30,NA,NA,No,NA,283,UPI,7,3.4,3.4
18-07-2024,3.06.00 PM,CNR5706980210,Success,CID228167,eBike,Malleshwaram,Indiranagar,168,120,NA,NA,No,NA,463,Cash,15,4.4,3.6
16-07-2024,3.17.00 PM,CNR8545338624,Success,CID691224,Auto,Electronic City,JP Nagar,140,145,NA,NA,No,NA,353,UPI,7,4.7,4.9
02-07-2024,12.04.00 AM,CNR6792235623,Driver Not Found,CID439520,Prime Sedan,Devanahalli,JP Nagar,NA,NA,NA,NA,NA,NA,495,NA,0,0,0
12-07-2024,1.28.00 PM,CNR3347159067,Success,CID823164,Auto,Varthur,Kengeri,133,135,NA,NA,No,NA,292,UPI,16,4.6,3.5
06-07-2024,3.29.00 PM,CNR2200769825,Success,CID637025,Prime Plus,Mysore Road,Malleshwaram,210,25,NA,NA,No,NA,448,UPI,15,3.2,4.9
30-07-2024,2.25.00 PM,CNR8037382031,Canceled by Customer,CID440310,Prime SUV,Indiranagar,Hosur Road,NA,NA,AC is Not working,NA,NA,NA,103,NA,0,0,0
14-07-2024,2.37.00 AM,CNR8476582596,Canceled by Driver,CID687136,Auto,Richmond Town,Electronic City,NA,NA,NA,More than permitted people in there,NA,NA,186,NA,0,0,0
02-07-2024,6.30.00 AM,CNR7073850950,Success,CID880026,Auto,Vijayanagar,Langford Town,301,105,NA,NA,Yes,Customer Demand,110,Cash,3,3.7,3.6
10-07-2024,6.50.00 PM,CNR6613464835,Canceled by Customer,CID489613,Mini,Whitefield,Vijayanagar,NA,NA,Change of plans,NA,NA,NA,173,NA,0,0,0
28-07-2024,9.40.00 AM,CNR7956960667,Success,CID407740,Prime Plus,Nagarbhavi,Shivajinagar,210,105,NA,NA,No,NA,512,Cash,14,4.9,4.9
26-07-2024,6.46.00 PM,CNR3469722999,Driver Not Found,CID822937,Prime SUV,Jayanagar,Peenya,NA,NA,NA,NA,NA,NA,2005,NA,0,0,0
20-07-2024,8.46.00 AM,CNR9952584604,Success,CID184856,Bike,Hosur Road,Hennur,224,65,NA,NA,Yes,Customer Demand,238,Cash,18,4.7,4.6
27-07-2024,6.23.00 PM,CNR5433575259,Success,CID763377,Prime Sedan,Indiranagar,Langford Town,189,135,NA,NA,Yes,Vehicle Breakdown,1921,UPI,40,3.3,3.9
20-07-2024,5.13.00 AM,CNR3797151024,Driver Not Found,CID106150,Mini,KR Puram,Banashankari,NA,NA,NA,NA,NA,NA,296,NA,0,0,0
09-07-2024,9.36.00 AM,CNR1888228418,Success,CID913584,eBike,Kadugodi,Varthur,273,110,NA,NA,No,NA,499,Cash,14,4.8,3.9
23-07-2024,12.03.00 PM,CNR6094620721,Success,CID195370,Prime Plus,JP Nagar,Mysore Road,238,25,NA,NA,No,NA,525,Cash,22,4.3,4
30-07-2024,6.56.00 AM,CNR2029679396,Success,CID825106,Prime Plus,Peenya,Frazer Town,105,30,NA,NA,No,NA,308,Cash,13,4.7,3.3
05-07-2024,7.11.00 AM,CNR5108136862,Canceled by Customer,CID869726,Prime SUV,Chickpet,JP Nagar,NA,NA,Driver asked to cancel,NA,NA,NA,118,NA,0,0,0
30-07-2024,3.14.00 PM,CNR9998375791,Success,CID173858,Mini,Hosur Road,Yeshwanthpur,203,90,NA,NA,No,NA,164,UPI,33,3.6,3.8
30-07-2024,10.26.00 AM,CNR7197746515,Canceled by Driver,CID911238,Mini,Banashankari,HSR Layout,NA,NA,NA,Customer related issue,NA,NA,228,NA,0,0,0
27-07-2024,11.45.00 AM,CNR3914143185,Canceled by Customer,CID656359,Bike,Kadugodi,Chickpet,NA,NA,Change of plans,NA,NA,NA,326,NA,0,0,0
28-07-2024,7.49.00 AM,CNR4970390019,Driver Not Found,CID656067,Bike,MG Road,Sahakar Nagar,NA,NA,NA,NA,NA,NA,849,NA,0,0,0
04-07-2024,6.05.00 AM,CNR4643101961,Success,CID843965,Prime Sedan,RT Nagar,Basavanagudi,308,110,NA,NA,No,NA,678,Cash,32,4.6,3.5
04-07-2024,10.42.00 PM,CNR9462510170,Canceled by Customer,CID517686,Prime Plus,Mysore Road,Ulsoor,NA,NA,Driver is not moving towards pickup location,NA,NA,NA,431,NA,0,0,0
04-07-2024,2.29.00 AM,CNR3791458762,Success,CID253766,Prime Sedan,Malleshwaram,Marathahalli,280,80,NA,NA,No,NA,235,UPI,13,4,3.9
20-07-2024,3.11.00 PM,CNR6755458210,Success,CID762854,Mini,Magadi Road,Richmond Town,119,110,NA,NA,No,NA,223,Cash,3,5,4.8
14-07-2024,10.17.00 PM,CNR6729349884,Success,CID901336,Prime SUV,Bellandur,Kadugodi,49,95,NA,NA,No,NA,445,Cash,48,3.2,4.7
13-07-2024,9.16.00 PM,CNR3435305950,Success,CID780659,Prime Sedan,Hulimavu,Chamarajpet,98,125,NA,NA,No,NA,601,UPI,22,3.7,3.4
17-07-2024,8.43.00 AM,CNR2586365783,Canceled by Driver,CID105655,eBike,Chamarajpet,Electronic City,NA,NA,NA,More than permitted people in there,NA,NA,198,NA,0,0,0
19-07-2024,11.17.00 PM,CNR3475649716,Canceled by Driver,CID154151,Prime Sedan,JP Nagar,Hosur Road,NA,NA,NA,Personal & Car related issue,NA,NA,358,NA,0,0,0
07-07-2024,4.50.00 PM,CNR1463816868,Success,CID517719,Prime SUV,HSR Layout,Hulimavu,189,80,NA,NA,No,NA,492,Cash,6,4.5,3.9
09-07-2024,2.29.00 AM,CNR1412682969,Success,CID763740,Prime SUV,Electronic City,Vijayanagar,231,60,NA,NA,No,NA,280,UPI,31,4.1,4.8
07-07-2024,2.53.00 AM,CNR5341551432,Canceled by Customer,CID506435,Mini,Hebbal,Koramangala,NA,NA,Driver is not moving towards pickup location,NA,NA,NA,233,NA,0,0,0
11-07-2024,7.20.00 PM,CNR5793610952,Success,CID490677,Bike,KR Puram,JP Nagar,56,130,NA,NA,No,NA,984,Credit Card,24,3.9,3.7
03-07-2024,8.50.00 AM,CNR1072231824,Success,CID703152,Auto,Ramamurthy Nagar,JP Nagar,56,120,NA,NA,No,NA,100,Cash,7,3.5,4
15-07-2024,8.32.00 AM,CNR1799581315,Canceled by Customer,CID493145,Mini,Varthur,Peenya,NA,NA,Change of plans,NA,NA,NA,1899,NA,0,0,0
23-07-2024,6.57.00 AM,CNR9707279332,Success,CID666870,Prime Sedan,Rajarajeshwari Nagar,Hulimavu,147,55,NA,NA,No,NA,833,UPI,14,3.3,3.1
23-07-2024,12.35.00 PM,CNR2270293390,Success,CID656262,eBike,Marathahalli,Shivajinagar,133,105,NA,NA,No,NA,435,UPI,3,4.1,3
28-07-2024,6.54.00 AM,CNR3950192876,Driver Not Found,CID421288,Mini,Yelahanka,Malleshwaram,NA,NA,NA,NA,NA,NA,1703,NA,0,0,0
04-07-2024,9.00.00 PM,CNR9406709395,Success,CID139229,Auto,Ulsoor,Yeshwanthpur,196,105,NA,NA,No,NA,484,UPI,5,4,3.3
05-07-2024,10.33.00 PM,CNR8975176661,Success,CID173986,Auto,Rajarajeshwari Nagar,Sahakar Nagar,189,125,NA,NA,No,NA,680,UPI,7,3.8,3.6
21-07-2024,10.55.00 AM,CNR5071594520,Success,CID740051,Bike,KR Puram,Jayanagar,280,85,NA,NA,No,NA,229,Cash,16,3.1,3.4
10-07-2024,1.20.00 AM,CNR2377184626,Driver Not Found,CID323252,Prime Plus,Devanahalli,Banashankari,NA,NA,NA,NA,NA,NA,609,NA,0,0,0
04-07-2024,8.48.00 PM,CNR3575066041,Success,CID499436,Prime SUV,Shivajinagar,RT Nagar,301,105,NA,NA,Yes,Vehicle Breakdown,181,Credit Card,2,3.3,4.8
28-07-2024,12.22.00 PM,CNR2930589148,Success,CID732234,eBike,Kadugodi,Ulsoor,105,140,NA,NA,No,NA,717,UPI,3,4.9,3.3
17-07-2024,1.12.00 AM,CNR7831208502,Success,CID737968,Auto,RT Nagar,Cox Town,245,135,NA,NA,No,NA,262,Credit Card,12,3.5,3.7
15-07-2024,2.41.00 AM,CNR8629694130,Canceled by Driver,CID321356,Prime SUV,Electronic City,KR Puram,NA,NA,NA,Personal & Car related issue,NA,NA,158,NA,0,0,0
05-07-2024,11.51.00 PM,CNR8827885570,Success,CID521045,Prime SUV,Shantinagar,JP Nagar,63,95,NA,NA,No,NA,231,Cash,49,4.8,3.2
09-07-2024,1.36.00 PM,CNR1502301342,Success,CID545036,Bike,Chamarajpet,Peenya,119,100,NA,NA,No,NA,246,UPI,23,3.9,3.3
07-07-2024,10.52.00 PM,CNR1372123891,Canceled by Customer,CID348365,Prime SUV,Cox Town,Vijayanagar,NA,NA,Driver asked to cancel,NA,NA,NA,228,NA,0,0,0
03-07-2024,8.15.00 PM,CNR3907697108,Success,CID234494,Prime SUV,Bellandur,Hosur Road,70,70,NA,NA,No,NA,427,Cash,1,3.5,3
05-07-2024,5.47.00 PM,CNR2390405629,Success,CID686818,Mini,MG Road,Richmond Town,287,110,NA,NA,No,NA,305,Cash,37,3.2,3.3
19-07-2024,1.20.00 PM,CNR5914410116,Success,CID903819,Prime SUV,MG Road,Marathahalli,203,80,NA,NA,No,NA,270,Cash,8,4.3,4.5
03-07-2024,8.40.00 PM,CNR9545114159,Canceled by Driver,CID576096,Prime Plus,BTM Layout,Frazer Town,NA,NA,NA,Customer related issue,NA,NA,1501,NA,0,0,0
21-07-2024,10.39.00 AM,CNR4224138624,Success,CID990844,eBike,Kadugodi,Whitefield,175,35,NA,NA,No,NA,489,UPI,16,3.7,3.9
14-07-2024,11.58.00 PM,CNR5217934339,Success,CID427019,Prime SUV,Electronic City,Majestic,224,75,NA,NA,No,NA,791,UPI,21,5,3.9
16-07-2024,7.16.00 PM,CNR6744298420,Canceled by Driver,CID339373,Auto,Hebbal,Koramangala,NA,NA,NA,Customer related issue,NA,NA,400,NA,0,0,0
05-07-2024,8.54.00 AM,CNR7537935962,Success,CID200131,eBike,Shantinagar,Hebbal,63,100,NA,NA,Yes,Customer Demand,460,UPI,4,3.6,3.7
26-07-2024,4.01.00 PM,CNR6035356524,Canceled by Driver,CID375929,Auto,Rajarajeshwari Nagar,Koramangala,NA,NA,NA,Customer related issue,NA,NA,354,NA,0,0,0
20-07-2024,4.43.00 PM,CNR4079474864,Success,CID197349,Prime Sedan,Peenya,Varthur,140,90,NA,NA,No,NA,2047,UPI,29,3,3.7
24-07-2024,3.31.00 AM,CNR4597527178,Canceled by Driver,CID768687,Prime Plus,Ramamurthy Nagar,Ramamurthy Nagar,NA,NA,NA,Personal & Car related issue,NA,NA,418,NA,0,0,0
19-07-2024,3.58.00 AM,CNR1983010766,Success,CID811508,Prime Plus,Whitefield,Indiranagar,147,50,NA,NA,No,NA,2655,UPI,26,3.3,4.5
02-07-2024,5.11.00 PM,CNR4517742155,Canceled by Driver,CID137387,Prime Plus,KR Puram,Hosur Road,NA,NA,NA,More than permitted people in there,NA,NA,364,NA,0,0,0
11-07-2024,8.02.00 AM,CNR4679441912,Success,CID501578,Bike,JP Nagar,Shivajinagar,224,130,NA,NA,No,NA,2655,Cash,4,3.1,4.4
10-07-2024,1.13.00 AM,CNR1076402213,Success,CID133857,Mini,Kengeri,JP Nagar,140,50,NA,NA,No,NA,828,Cash,34,4.1,4.8
22-07-2024,5.10.00 PM,CNR6208623380,Success,CID612908,eBike,Chickpet,Indiranagar,217,35,NA,NA,No,NA,276,UPI,34,4.4,4.1
13-07-2024,10.21.00 PM,CNR3629707818,Canceled by Customer,CID176370,eBike,Hulimavu,Majestic,NA,NA,Driver asked to cancel,NA,NA,NA,2712,NA,0,0,0
02-07-2024,7.02.00 AM,CNR5856350738,Success,CID362252,Prime SUV,MG Road,Hebbal,217,115,NA,NA,No,NA,379,Cash,30,4.7,4.5
02-07-2024,2.35.00 AM,CNR2780804227,Driver Not Found,CID211065,Prime SUV,Hebbal,Vijayanagar,NA,NA,NA,NA,NA,NA,316,NA,0,0,0
14-07-2024,3.32.00 AM,CNR7556753006,Canceled by Customer,CID898523,Mini,Langford Town,KR Puram,NA,NA,AC is Not working,NA,NA,NA,303,NA,0,0,0
13-07-2024,12.32.00 AM,CNR2722435581,Success,CID877036,Mini,Padmanabhanagar,Malleshwaram,98,55,NA,NA,Yes,Vehicle Breakdown,323,UPI,14,4.2,4.5
29-07-2024,11.19.00 AM,CNR9290227906,Canceled by Driver,CID753312,Prime Sedan,Vijayanagar,Ramamurthy Nagar,NA,NA,NA,Customer related issue,NA,NA,840,NA,0,0,0
16-07-2024,6.09.00 PM,CNR1347489072,Success,CID285104,eBike,Hennur,Hosur Road,273,55,NA,NA,No,NA,676,UPI,8,3.6,3.9
17-07-2024,8.57.00 PM,CNR7720291436,Success,CID133774,Prime SUV,Shantinagar,Chamarajpet,252,95,NA,NA,No,NA,387,Cash,19,4.4,4.8
27-07-2024,5.14.00 PM,CNR6838162057,Success,CID662763,Prime Plus,Ulsoor,BTM Layout,273,130,NA,NA,No,NA,349,UPI,6,4.9,4
04-07-2024,8.13.00 PM,CNR6166016638,Canceled by Customer,CID662385,Prime SUV,Sahakar Nagar,BTM Layout,NA,NA,Driver is not moving towards pickup location,NA,NA,NA,743,NA,0,0,0
16-07-2024,10.17.00 AM,CNR8406580820,Success,CID649349,Auto,Banashankari,Yeshwanthpur,245,55,NA,NA,No,NA,173,Cash,17,4.3,4.6
29-07-2024,8.28.00 AM,CNR5947910660,Success,CID422131,Auto,Rajajinagar,HSR Layout,287,120,NA,NA,No,NA,105,UPI,13,4.5,3.5
12-07-2024,9.52.00 AM,CNR8113882660,Success,CID445833,Prime SUV,JP Nagar,Yeshwanthpur,42,30,NA,NA,No,NA,552,Cash,5,4.5,3.8
03-07-2024,7.09.00 AM,CNR3789535898,Canceled by Driver,CID526348,Mini,Marathahalli,Marathahalli,NA,NA,NA,Customer was coughing/sick,NA,NA,313,NA,0,0,0
10-07-2024,5.06.00 PM,CNR9181242940,Canceled by Customer,CID363462,Mini,Hebbal,Peenya,NA,NA,AC is Not working,NA,NA,NA,424,NA,0,0,0
12-07-2024,8.10.00 PM,CNR6438361240,Success,CID552719,Auto,Richmond Town,Banashankari,308,130,NA,NA,No,NA,493,UPI,7,3.8,4.7
17-07-2024,10.08.00 AM,CNR8478583704,Canceled by Driver,CID176945,Prime SUV,Frazer Town,RT Nagar,NA,NA,NA,Personal & Car related issue,NA,NA,394,NA,0,0,0
23-07-2024,8.25.00 AM,CNR5495479048,Success,CID497169,Auto,Sarjapur Road,Basavanagudi,77,100,NA,NA,Yes,Other Issue,2890,Cash,7,4.1,4.5
10-07-2024,3.59.00 AM,CNR1747667235,Canceled by Driver,CID972016,Prime Sedan,Bannerghatta Road,Frazer Town,NA,NA,NA,Personal & Car related issue,NA,NA,135,NA,0,0,0
25-07-2024,3.46.00 PM,CNR8742059228,Canceled by Driver,CID912775,eBike,Langford Town,Padmanabhanagar,NA,NA,NA,More than permitted people in there,NA,NA,179,NA,0,0,0
30-07-2024,12.24.00 PM,CNR2249500651,Success,CID195665,Prime SUV,Tumkur Road,Frazer Town,63,40,NA,NA,No,NA,280,Cash,20,4.5,4.8
29-07-2024,3.02.00 PM,CNR3015771885,Success,CID918718,Prime SUV,Vijayanagar,Hulimavu,77,75,NA,NA,No,NA,354,Cash,24,4.6,4.1
14-07-2024,11.05.00 AM,CNR9742204042,Success,CID292149,Prime Sedan,Shivajinagar,Yeshwanthpur,301,135,NA,NA,No,NA,439,Cash,44,4.4,4.8
20-07-2024,1.28.00 PM,CNR5414088243,Driver Not Found,CID993758,Auto,Banashankari,Nagarbhavi,NA,NA,NA,NA,NA,NA,645,NA,0,0,0
28-07-2024,4.28.00 PM,CNR5897488662,Success,CID352984,Auto,Bannerghatta Road,Shantinagar,189,85,NA,NA,No,NA,264,Cash,4,3.6,3.4
23-07-2024,12.13.00 AM,CNR8097977794,Success,CID789728,Auto,Kadugodi,Electronic City,119,100,NA,NA,No,NA,445,Cash,15,3.9,4.7
05-07-2024,11.19.00 AM,CNR7665734704,Success,CID921378,Prime Plus,Mysore Road,Padmanabhanagar,84,95,NA,NA,No,NA,399,Cash,26,4.4,4
20-07-2024,1.04.00 PM,CNR3295803854,Success,CID835843,Prime Plus,Indiranagar,Kammanahalli,112,100,NA,NA,No,NA,496,UPI,33,5,4.9
12-07-2024,6.15.00 AM,CNR1857015366,Driver Not Found,CID673441,Auto,Cox Town,Chamarajpet,NA,NA,NA,NA,NA,NA,872,NA,0,0,0
29-07-2024,6.54.00 PM,CNR6533526552,Canceled by Customer,CID221628,Auto,Yelahanka,Ulsoor,NA,NA,Driver asked to cancel,NA,NA,NA,346,NA,0,0,0
30-07-2024,3.50.00 PM,CNR4196099018,Driver Not Found,CID850806,Auto,Cox Town,Peenya,NA,NA,NA,NA,NA,NA,387,NA,0,0,0
05-07-2024,10.10.00 PM,CNR6151870263,Driver Not Found,CID807991,Prime Plus,Shantinagar,Shantinagar,NA,NA,NA,NA,NA,NA,247,NA,0,0,0
23-07-2024,10.58.00 PM,CNR4877674130,Success,CID108174,Auto,RT Nagar,Rajarajeshwari Nagar,175,25,NA,NA,No,NA,767,UPI,8,4.3,4.5
17-07-2024,9.12.00 PM,CNR3535977567,Success,CID310505,Prime Sedan,Kammanahalli,Yeshwanthpur,168,25,NA,NA,No,NA,203,UPI,24,4.4,3.3
26-07-2024,7.08.00 AM,CNR9380992083,Success,CID599667,Prime Sedan,Banashankari,Koramangala,203,125,NA,NA,No,NA,658,UPI,45,3.5,4.9
22-07-2024,9.18.00 PM,CNR2409982110,Success,CID949960,Auto,RT Nagar,Hennur,252,25,NA,NA,No,NA,366,Cash,8,4.1,3.4
05-07-2024,5.50.00 AM,CNR1744423480,Canceled by Customer,CID759125,Bike,Indiranagar,Rajarajeshwari Nagar,NA,NA,Driver is not moving towards pickup location,NA,NA,NA,229,NA,0,0,0
09-07-2024,1.51.00 AM,CNR8089487405,Success,CID921577,Prime Sedan,Ulsoor,Varthur,168,75,NA,NA,No,NA,319,Cash,22,3.2,4
07-07-2024,8.26.00 AM,CNR9791595498,Canceled by Customer,CID144808,Mini,Padmanabhanagar,Nagarbhavi,NA,NA,Driver asked to cancel,NA,NA,NA,415,NA,0,0,0
23-07-2024,2.50.00 PM,CNR3216137549,Success,CID605790,Prime SUV,Langford Town,Whitefield,119,90,NA,NA,No,NA,775,Cash,23,4.2,3.3
09-07-2024,2.52.00 AM,CNR7433975344,Success,CID102370,Auto,Shivajinagar,Chickpet,98,65,NA,NA,No,NA,396,UPI,18,3.6,3.4
16-07-2024,7.34.00 PM,CNR2752149819,Success,CID868307,Mini,Ulsoor,Chamarajpet,280,110,NA,NA,No,NA,411,Debit Card,44,3,3.9
07-07-2024,12.15.00 AM,CNR7450856558,Success,CID121389,Prime Sedan,Chickpet,Electronic City,266,40,NA,NA,No,NA,168,Cash,31,4.9,4.7
13-07-2024,5.26.00 AM,CNR7687168562,Canceled by Customer,CID291794,Prime Plus,RT Nagar,Hulimavu,NA,NA,Driver asked to cancel,NA,NA,NA,499,NA,0,0,0
18-07-2024,5.08.00 PM,CNR2616039565,Canceled by Customer,CID880418,Prime Sedan,Kengeri,Peenya,NA,NA,Wrong Address,NA,NA,NA,342,NA,0,0,0
16-07-2024,10.44.00 AM,CNR9013990430,Success,CID293024,Prime Plus,Shantinagar,Frazer Town,301,60,NA,NA,No,NA,460,Cash,33,4.8,4.9
25-07-2024,9.02.00 PM,CNR6403693064,Driver Not Found,CID119823,Auto,Hebbal,Richmond Town,NA,NA,NA,NA,NA,NA,812,NA,0,0,0
08-07-2024,5.08.00 AM,CNR7512638761,Canceled by Driver,CID301991,Prime Plus,Chamarajpet,Devanahalli,NA,NA,NA,More than permitted people in there,NA,NA,651,NA,0,0,0
01-07-2024,11.47.00 AM,CNR9577062720,Success,CID192204,Prime Sedan,BTM Layout,Chamarajpet,63,40,NA,NA,No,NA,217,Cash,18,3.7,4.2
24-07-2024,10.04.00 AM,CNR3021914528,Canceled by Driver,CID308808,eBike,Padmanabhanagar,Rajarajeshwari Nagar,NA,NA,NA,Personal & Car related issue,NA,NA,252,NA,0,0,0
03-07-2024,1.10.00 PM,CNR9495436958,Success,CID946290,Prime Plus,Cox Town,Shantinagar,119,105,NA,NA,No,NA,790,Cash,23,3.5,3.8
04-07-2024,7.07.00 PM,CNR6179732934,Driver Not Found,CID692565,Prime Plus,Kammanahalli,Vijayanagar,NA,NA,NA,NA,NA,NA,285,NA,0,0,0
30-07-2024,12.03.00 PM,CNR1525361077,Success,CID911746,Prime Sedan,Bannerghatta Road,Hulimavu,294,140,NA,NA,No,NA,2509,UPI,10,4.7,4.5
01-07-2024,3.07.00 AM,CNR1647637548,Success,CID801387,Mini,Shivajinagar,Peenya,49,75,NA,NA,No,NA,615,UPI,1,4.2,4.9
24-07-2024,6.28.00 PM,CNR4195153311,Success,CID139167,Prime Sedan,Ulsoor,Majestic,238,75,NA,NA,No,NA,237,UPI,38,5,3.4
10-07-2024,7.37.00 AM,CNR4827484325,Driver Not Found,CID854470,Bike,Peenya,Chickpet,NA,NA,NA,NA,NA,NA,356,NA,0,0,0
10-07-2024,9.35.00 PM,CNR8000993482,Success,CID855897,Prime SUV,Frazer Town,Ramamurthy Nagar,266,40,NA,NA,No,NA,1835,Credit Card,37,3.6,4.8
16-07-2024,1.54.00 PM,CNR2588489711,Success,CID271119,Prime Sedan,Hebbal,Bannerghatta Road,231,75,NA,NA,No,NA,1065,UPI,40,3.4,4.1
10-07-2024,8.32.00 AM,CNR5234253257,Success,CID702250,Prime SUV,Basavanagudi,Chamarajpet,77,135,NA,NA,No,NA,393,UPI,22,3.3,4.3
18-07-2024,1.15.00 AM,CNR2564639381,Canceled by Driver,CID916466,Auto,Nagarbhavi,RT Nagar,NA,NA,NA,Personal & Car related issue,NA,NA,495,NA,0,0,0
05-07-2024,5.11.00 PM,CNR4011678024,Canceled by Customer,CID283251,Mini,Tumkur Road,Sarjapur Road,NA,NA,Driver is not moving towards pickup location,NA,NA,NA,390,NA,0,0,0
15-07-2024,4.48.00 PM,CNR9128487422,Driver Not Found,CID287874,Prime SUV,RT Nagar,Hosur Road,NA,NA,NA,NA,NA,NA,237,NA,0,0,0
26-07-2024,9.25.00 AM,CNR5276752307,Canceled by Driver,CID893272,Prime Plus,Ulsoor,Hennur,NA,NA,NA,Personal & Car related issue,NA,NA,752,NA,0,0,0
29-07-2024,3.41.00 AM,CNR9371669050,Success,CID686863,eBike,Cox Town,Langford Town,231,90,NA,NA,No,NA,256,UPI,32,3.9,4.4
05-07-2024,4.08.00 PM,CNR4457088806,Success,CID263437,Mini,Chickpet,Electronic City,42,40,NA,NA,No,NA,309,Cash,24,4,3.6
04-07-2024,10.11.00 PM,CNR4354062360,Canceled by Driver,CID505113,Mini,RT Nagar,Peenya,NA,NA,NA,Personal & Car related issue,NA,NA,782,NA,0,0,0
08-07-2024,4.35.00 PM,CNR6491123218,Canceled by Driver,CID987117,Prime Sedan,Varthur,Indiranagar,NA,NA,NA,Personal & Car related issue,NA,NA,208,NA,0,0,0
03-07-2024,3.58.00 AM,CNR8467747572,Canceled by Customer,CID359528,Mini,Mysore Road,Mysore Road,NA,NA,AC is Not working,NA,NA,NA,567,NA,0,0,0
26-07-2024,9.54.00 PM,CNR6809456544,Success,CID360773,Auto,Tumkur Road,Padmanabhanagar,84,125,NA,NA,No,NA,228,Cash,13,3.7,4.6
20-07-2024,3.56.00 AM,CNR1862612151,Success,CID847056,Prime Sedan,Kengeri,Mysore Road,301,60,NA,NA,No,NA,364,Credit Card,5,4,4.8
04-07-2024,4.33.00 AM,CNR3686926291,Success,CID868427,eBike,Ramamurthy Nagar,MG Road,56,45,NA,NA,No,NA,2944,Cash,3,4.6,4.8
14-07-2024,10.04.00 AM,CNR5872044172,Success,CID808072,Prime Plus,Kengeri,Whitefield,77,80,NA,NA,No,NA,412,Cash,9,4.8,4.5
15-07-2024,7.52.00 AM,CNR8328108729,Success,CID812644,Mini,Peenya,Basavanagudi,35,90,NA,NA,No,NA,216,Cash,17,4.5,3.4
01-07-2024,2.13.00 AM,CNR5988079650,Driver Not Found,CID360385,Prime Plus,JP Nagar,Ulsoor,NA,NA,NA,NA,NA,NA,2143,NA,0,0,0
07-07-2024,4.55.00 AM,CNR3276138022,Canceled by Driver,CID924057,Prime Sedan,Magadi Road,Yeshwanthpur,NA,NA,NA,Customer was coughing/sick,NA,NA,172,NA,0,0,0
11-07-2024,5.35.00 PM,CNR3958098786,Success,CID685088,Prime Plus,Kadugodi,Sahakar Nagar,119,130,NA,NA,No,NA,2429,Cash,33,3.9,3.1
04-07-2024,6.01.00 PM,CNR1816364514,Success,CID953810,Auto,Varthur,Marathahalli,91,30,NA,NA,No,NA,809,UPI,1,3.9,3.4
11-07-2024,9.55.00 AM,CNR2849784490,Success,CID760035,Auto,Ulsoor,Rajarajeshwari Nagar,210,85,NA,NA,No,NA,451,UPI,4,3.2,3.6
03-07-2024,8.03.00 PM,CNR6972748438,Success,CID554381,Prime SUV,Vijayanagar,Majestic,280,50,NA,NA,No,NA,133,UPI,21,4.1,5
09-07-2024,9.04.00 AM,CNR1791648324,Canceled by Driver,CID663767,Prime Sedan,Koramangala,Rajajinagar,NA,NA,NA,Personal & Car related issue,NA,NA,367,NA,0,0,0
10-07-2024,8.01.00 PM,CNR7103761124,Driver Not Found,CID674742,Bike,Rajajinagar,JP Nagar,NA,NA,NA,NA,NA,NA,742,NA,0,0,0
03-07-2024,11.05.00 PM,CNR6585703917,Success,CID397507,Auto,HSR Layout,Indiranagar,280,105,NA,NA,Yes,Customer Demand,489,Cash,2,4.8,4.4
21-07-2024,9.59.00 AM,CNR3296240325,Success,CID133645,eBike,Whitefield,Hennur,182,100,NA,NA,No,NA,506,Cash,31,3.6,4.9
14-07-2024,3.57.00 AM,CNR8223523166,Driver Not Found,CID437999,Bike,Whitefield,Mysore Road,NA,NA,NA,NA,NA,NA,601,NA,0,0,0
01-07-2024,6.47.00 AM,CNR9735660911,Success,CID838803,Prime SUV,Bannerghatta Road,Yelahanka,217,115,NA,NA,No,NA,379,UPI,27,3.4,3.8
07-07-2024,10.18.00 PM,CNR4329982789,Canceled by Customer,CID588544,Bike,Varthur,Ulsoor,NA,NA,AC is Not working,NA,NA,NA,241,NA,0,0,0
15-07-2024,10.30.00 PM,CNR9701922914,Driver Not Found,CID146349,eBike,Padmanabhanagar,Ulsoor,NA,NA,NA,NA,NA,NA,204,NA,0,0,0
24-07-2024,9.04.00 PM,CNR3324553934,Canceled by Driver,CID938083,Bike,Jayanagar,Chickpet,NA,NA,NA,Customer was coughing/sick,NA,NA,482,NA,0,0,0
27-07-2024,12.50.00 PM,CNR3591025608,Success,CID333175,Bike,Malleshwaram,Kadugodi,203,85,NA,NA,No,NA,577,Cash,17,3.4,3.5
20-07-2024,4.55.00 PM,CNR7301600524,Canceled by Customer,CID294615,Auto,KR Puram,Hebbal,NA,NA,AC is Not working,NA,NA,NA,892,NA,0,0,0
30-07-2024,5.13.00 PM,CNR4776471359,Canceled by Customer,CID479951,eBike,Hosur Road,Jayanagar,NA,NA,Driver asked to cancel,NA,NA,NA,674,NA,0,0,0
28-07-2024,1.42.00 PM,CNR3700416786,Canceled by Customer,CID160458,Prime SUV,Shivajinagar,Electronic City,NA,NA,Change of plans,NA,NA,NA,447,NA,0,0,0
11-07-2024,7.33.00 AM,CNR3462340628,Canceled by Driver,CID239124,Prime SUV,RT Nagar,Malleshwaram,NA,NA,NA,More than permitted people in there,NA,NA,148,NA,0,0,0
28-07-2024,6.18.00 PM,CNR5219382157,Canceled by Driver,CID229314,Prime SUV,Basavanagudi,Shantinagar,NA,NA,NA,More than permitted people in there,NA,NA,101,NA,0,0,0
02-07-2024,3.13.00 PM,CNR4165442717,Driver Not Found,CID746578,eBike,Chamarajpet,Richmond Town,NA,NA,NA,NA,NA,NA,231,NA,0,0,0
01-07-2024,7.03.00 PM,CNR1759069706,Success,CID943819,Bike,Yeshwanthpur,Indiranagar,231,30,NA,NA,No,NA,172,UPI,5,3.1,3.1
25-07-2024,1.41.00 AM,CNR1998845379,Success,CID587485,Auto,Majestic,Bannerghatta Road,77,60,NA,NA,No,NA,186,UPI,18,3.2,4.3
10-07-2024,10.55.00 PM,CNR4936120069,Success,CID888986,Auto,Cox Town,Vijayanagar,217,75,NA,NA,No,NA,943,UPI,8,4.3,4.9
19-07-2024,4.23.00 AM,CNR3611954724,Canceled by Customer,CID835376,Bike,Mysore Road,Hennur,NA,NA,Wrong Address,NA,NA,NA,255,NA,0,0,0
14-07-2024,11.27.00 PM,CNR7597276757,Driver Not Found,CID788243,Prime SUV,Peenya,Malleshwaram,NA,NA,NA,NA,NA,NA,121,NA,0,0,0
04-07-2024,8.49.00 PM,CNR6716480946,Canceled by Driver,CID709344,Mini,Nagarbhavi,Varthur,NA,NA,NA,Customer was coughing/sick,NA,NA,255,NA,0,0,0
04-07-2024,1.43.00 PM,CNR6482129028,Success,CID367560,Prime SUV,Frazer Town,Sarjapur Road,112,115,NA,NA,No,NA,2109,Cash,2,3.1,4.5
27-07-2024,5.05.00 AM,CNR6666854548,Success,CID956886,Bike,Yelahanka,Hosur Road,42,90,NA,NA,No,NA,415,Cash,4,4.1,3.2
20-07-2024,9.28.00 PM,CNR9333273492,Success,CID604552,Prime Sedan,Chickpet,Majestic,105,115,NA,NA,No,NA,594,UPI,21,4.1,4.6
17-07-2024,4.19.00 PM,CNR3920498221,Driver Not Found,CID266826,Prime Sedan,Electronic City,Shantinagar,NA,NA,NA,NA,NA,NA,984,NA,0,0,0
16-07-2024,4.04.00 PM,CNR8705137963,Success,CID925665,Auto,Bellandur,BTM Layout,147,70,NA,NA,No,NA,727,UPI,12,3.1,4.8
11-07-2024,11.32.00 AM,CNR8273757466,Success,CID743092,eBike,JP Nagar,Richmond Town,112,125,NA,NA,No,NA,515,Cash,25,4.3,4.4
06-07-2024,11.26.00 AM,CNR3132012889,Canceled by Driver,CID969345,Auto,Yelahanka,Basavanagudi,NA,NA,NA,Personal & Car related issue,NA,NA,848,NA,0,0,0
03-07-2024,10.41.00 AM,CNR4759587059,Success,CID274425,Mini,Padmanabhanagar,JP Nagar,231,35,NA,NA,No,NA,997,UPI,40,3.8,3.1
25-07-2024,3.57.00 PM,CNR5983043846,Success,CID608437,Mini,Hebbal,BTM Layout,217,130,NA,NA,No,NA,191,UPI,1,3.3,3.6
04-07-2024,3.04.00 AM,CNR7848570023,Success,CID941682,eBike,Yeshwanthpur,Magadi Road,168,125,NA,NA,No,NA,996,UPI,34,3.3,3.8
29-07-2024,9.16.00 AM,CNR6296806775,Driver Not Found,CID515549,Bike,Kammanahalli,Mysore Road,NA,NA,NA,NA,NA,NA,378,NA,0,0,0
06-07-2024,3.45.00 PM,CNR1105102697,Driver Not Found,CID657524,Mini,JP Nagar,Ulsoor,NA,NA,NA,NA,NA,NA,218,NA,0,0,0
16-07-2024,2.29.00 AM,CNR5208477487,Canceled by Driver,CID395323,eBike,RT Nagar,RT Nagar,NA,NA,NA,Personal & Car related issue,NA,NA,256,NA,0,0,0
07-07-2024,1.16.00 PM,CNR2784806529,Success,CID264448,Prime Sedan,Magadi Road,Cox Town,301,145,NA,NA,No,NA,342,UPI,13,3.7,3.4
22-07-2024,8.15.00 AM,CNR9158255048,Success,CID423833,Prime SUV,Koramangala,Richmond Town,49,105,NA,NA,No,NA,445,Cash,2,5,3.3
04-07-2024,1.48.00 PM,CNR3074008264,Canceled by Driver,CID490562,Prime SUV,HSR Layout,Kengeri,NA,NA,NA,Personal & Car related issue,NA,NA,403,NA,0,0,0
19-07-2024,8.13.00 AM,CNR2344843448,Success,CID416862,eBike,Yelahanka,Hennur,133,140,NA,NA,No,NA,327,Cash,39,3.9,4
10-07-2024,5.46.00 AM,CNR3107130785,Success,CID775806,Auto,Rajarajeshwari Nagar,Frazer Town,273,60,NA,NA,No,NA,796,Cash,10,3.4,4.6
10-07-2024,10.27.00 PM,CNR5096526505,Success,CID810868,Bike,Jayanagar,Nagarbhavi,245,90,NA,NA,No,NA,371,Cash,46,4.3,4.2
22-07-2024,12.17.00 AM,CNR5356461401,Success,CID974686,Bike,Bellandur,Mysore Road,77,85,NA,NA,No,NA,209,Credit Card,27,4.5,4.3
19-07-2024,7.03.00 AM,CNR6230414626,Canceled by Customer,CID143850,Prime Sedan,Tumkur Road,Malleshwaram,NA,NA,Change of plans,NA,NA,NA,2008,NA,0,0,0
23-07-2024,4.15.00 PM,CNR9848023419,Canceled by Customer,CID200911,Auto,Langford Town,Hulimavu,NA,NA,Change of plans,NA,NA,NA,255,NA,0,0,0
21-07-2024,8.06.00 PM,CNR3246542979,Success,CID663499,eBike,Mysore Road,Indiranagar,42,50,NA,NA,No,NA,101,UPI,17,3.4,3.1
04-07-2024,3.08.00 AM,CNR7874049610,Success,CID236414,Prime Plus,Sahakar Nagar,HSR Layout,203,100,NA,NA,No,NA,960,UPI,44,3.2,4.7
28-07-2024,6.24.00 PM,CNR6035501952,Success,CID398994,Prime Sedan,Indiranagar,Hebbal,308,135,NA,NA,No,NA,169,UPI,17,3.1,3.1
18-07-2024,12.52.00 PM,CNR4481374455,Success,CID499189,Prime Plus,Electronic City,Marathahalli,294,105,NA,NA,No,NA,679,UPI,34,4,4.5
24-07-2024,3.45.00 PM,CNR2357234097,Success,CID515000,Auto,Chamarajpet,JP Nagar,245,25,NA,NA,No,NA,554,UPI,5,3,4.9
21-07-2024,1.34.00 PM,CNR2039847064,Canceled by Driver,CID703018,Bike,Padmanabhanagar,Ramamurthy Nagar,NA,NA,NA,Customer related issue,NA,NA,155,NA,0,0,0
14-07-2024,5.31.00 PM,CNR5966858733,Success,CID206866,Auto,Rajajinagar,Richmond Town,84,105,NA,NA,No,NA,329,Cash,6,3.3,4
15-07-2024,1.31.00 PM,CNR7903784728,Success,CID139760,Prime Plus,Kengeri,Sarjapur Road,63,125,NA,NA,No,NA,107,UPI,39,3.3,4.9
18-07-2024,12.19.00 PM,CNR8347955381,Success,CID732747,Bike,Jayanagar,Kengeri,287,25,NA,NA,No,NA,312,UPI,29,4.1,4.4
14-07-2024,7.52.00 AM,CNR2832086626,Success,CID295295,Prime Sedan,Koramangala,Sahakar Nagar,126,80,NA,NA,No,NA,280,Cash,36,4.7,3.9
20-07-2024,5.44.00 AM,CNR4998197969,Success,CID223930,Prime SUV,Shivajinagar,Sahakar Nagar,56,55,NA,NA,No,NA,650,Cash,36,4.7,4.8
29-07-2024,9.42.00 AM,CNR6156105428,Driver Not Found,CID478161,Prime Sedan,Richmond Town,Sarjapur Road,NA,NA,NA,NA,NA,NA,666,NA,0,0,0
19-07-2024,9.32.00 PM,CNR5096259907,Canceled by Driver,CID713572,eBike,JP Nagar,Hebbal,NA,NA,NA,Personal & Car related issue,NA,NA,176,NA,0,0,0
27-07-2024,7.25.00 AM,CNR9122241273,Success,CID562063,Auto,Tumkur Road,Devanahalli,84,135,NA,NA,No,NA,496,Cash,8,4.7,3.6
22-07-2024,12.58.00 AM,CNR1676719178,Success,CID963660,Mini,Kammanahalli,Padmanabhanagar,91,30,NA,NA,No,NA,317,Credit Card,47,4.9,3.3
20-07-2024,9.16.00 PM,CNR5524915002,Success,CID450098,Auto,Frazer Town,KR Puram,280,130,NA,NA,No,NA,962,Cash,11,4.5,3
07-07-2024,12.22.00 PM,CNR5958445056,Canceled by Driver,CID446941,eBike,Langford Town,Majestic,NA,NA,NA,More than permitted people in there,NA,NA,642,NA,0,0,0
30-07-2024,11.53.00 AM,CNR3211877735,Success,CID743117,Prime Sedan,Cox Town,HSR Layout,287,70,NA,NA,No,NA,228,Cash,23,4.8,3.4
16-07-2024,5.46.00 PM,CNR9388107682,Canceled by Customer,CID840346,Prime Sedan,Mysore Road,Indiranagar,NA,NA,Driver is not moving towards pickup location,NA,NA,NA,216,NA,0,0,0
09-07-2024,6.53.00 AM,CNR1998613771,Success,CID884765,eBike,Mysore Road,Chickpet,168,100,NA,NA,No,NA,477,Credit Card,41,3.2,4
14-07-2024,2.28.00 AM,CNR6923677666,Driver Not Found,CID124935,Bike,Majestic,Chamarajpet,NA,NA,NA,NA,NA,NA,277,NA,0,0,0
26-07-2024,10.49.00 PM,CNR1852454738,Driver Not Found,CID781523,Prime SUV,Banashankari,Bannerghatta Road,NA,NA,NA,NA,NA,NA,601,NA,0,0,0
12-07-2024,12.04.00 PM,CNR2441774613,Canceled by Customer,CID166563,Bike,Shivajinagar,KR Puram,NA,NA,AC is Not working,NA,NA,NA,258,NA,0,0,0
07-07-2024,12.22.00 AM,CNR3551606226,Success,CID115356,Bike,Langford Town,Bannerghatta Road,140,55,NA,NA,No,NA,345,Cash,43,4.8,4.6
28-07-2024,8.08.00 AM,CNR9266238014,Success,CID180424,Prime SUV,RT Nagar,JP Nagar,126,35,NA,NA,No,NA,104,Cash,29,4.2,3
16-07-2024,3.40.00 PM,CNR3178581771,Success,CID406782,Prime SUV,Yeshwanthpur,KR Puram,154,75,NA,NA,Yes,Customer Demand,780,UPI,43,3.3,4.4
21-07-2024,10.04.00 PM,CNR6630122956,Success,CID485217,Prime Plus,Shantinagar,Sarjapur Road,70,45,NA,NA,No,NA,488,Cash,42,4.4,3.8
04-07-2024,7.10.00 AM,CNR6481461779,Success,CID418305,eBike,Sahakar Nagar,Sarjapur Road,182,95,NA,NA,No,NA,349,Cash,45,4.3,4.2
23-07-2024,1.19.00 AM,CNR9827470995,Canceled by Customer,CID791004,Auto,Rajajinagar,Hebbal,NA,NA,Change of plans,NA,NA,NA,303,NA,0,0,0
18-07-2024,4.03.00 AM,CNR7059118300,Success,CID846189,Prime Sedan,Ramamurthy Nagar,Cox Town,266,55,NA,NA,No,NA,458,UPI,47,3.2,3.8
07-07-2024,10.03.00 PM,CNR9098980512,Success,CID778985,Prime Plus,Koramangala,Hennur,196,105,NA,NA,No,NA,203,Cash,39,3.5,3.1
04-07-2024,4.48.00 AM,CNR5075935226,Driver Not Found,CID310944,Prime SUV,Majestic,Sahakar Nagar,NA,NA,NA,NA,NA,NA,2695,NA,0,0,0
27-07-2024,6.48.00 PM,CNR9114796293,Success,CID377604,Prime SUV,Jayanagar,Shivajinagar,308,120,NA,NA,No,NA,472,Cash,16,3.2,3.7
28-07-2024,6.28.00 AM,CNR1336073950,Success,CID663645,Prime Plus,Marathahalli,Richmond Town,287,115,NA,NA,No,NA,657,UPI,41,4.2,4.8
18-07-2024,6.24.00 AM,CNR9890176683,Success,CID550893,eBike,Kadugodi,Whitefield,203,90,NA,NA,No,NA,747,UPI,16,3.8,4.8
11-07-2024,10.34.00 PM,CNR9246105731,Success,CID411471,Prime Sedan,Magadi Road,Langford Town,210,90,NA,NA,No,NA,114,UPI,36,4.1,4.7
18-07-2024,3.08.00 PM,CNR1263936541,Success,CID206428,Auto,Yeshwanthpur,Rajajinagar,189,75,NA,NA,No,NA,137,UPI,1,4.7,3.7
20-07-2024,8.57.00 AM,CNR7582255360,Success,CID238250,Bike,Ulsoor,Kadugodi,280,25,NA,NA,Yes,Vehicle Breakdown,202,Cash,28,3.1,3.4
26-07-2024,1.04.00 AM,CNR8874870004,Success,CID762012,Auto,Bellandur,Koramangala,259,135,NA,NA,No,NA,771,Cash,16,4.6,4.7
26-07-2024,10.38.00 PM,CNR2087486954,Success,CID239020,eBike,Chamarajpet,Kengeri,231,90,NA,NA,No,NA,849,Cash,37,3.8,3
03-07-2024,5.37.00 PM,CNR8745813955,Canceled by Driver,CID101380,Prime SUV,Vijayanagar,Padmanabhanagar,NA,NA,NA,Customer was coughing/sick,NA,NA,849,NA,0,0,0
07-07-2024,4.08.00 AM,CNR7237276647,Success,CID123698,Mini,KR Puram,Varthur,35,140,NA,NA,No,NA,402,UPI,45,4.5,5
25-07-2024,6.13.00 PM,CNR3538574363,Success,CID368004,Prime SUV,Hennur,Cox Town,203,90,NA,NA,No,NA,269,Cash,40,3.2,4.2
15-07-2024,6.26.00 AM,CNR4923629923,Canceled by Driver,CID176320,Auto,Jayanagar,Langford Town,NA,NA,NA,More than permitted people in there,NA,NA,296,NA,0,0,0
21-07-2024,1.49.00 PM,CNR5060999775,Success,CID982967,Auto,Chickpet,Shivajinagar,217,145,NA,NA,No,NA,397,Cash,18,3.5,4.6
30-07-2024,6.52.00 PM,CNR4550726008,Driver Not Found,CID586918,Prime Sedan,Langford Town,Chamarajpet,NA,NA,NA,NA,NA,NA,391,NA,0,0,0
12-07-2024,8.54.00 AM,CNR6155120699,Success,CID865431,Prime SUV,Tumkur Road,Devanahalli,196,110,NA,NA,No,NA,347,Cash,9,4.9,3.8
14-07-2024,2.20.00 PM,CNR8595494218,Success,CID688235,Auto,Hosur Road,Rajajinagar,154,100,NA,NA,No,NA,290,UPI,17,3.3,4.1
05-07-2024,7.28.00 AM,CNR6147414992,Success,CID234124,Prime Plus,Sahakar Nagar,Electronic City,217,55,NA,NA,No,NA,478,UPI,4,4.3,4
24-07-2024,11.08.00 PM,CNR3929678886,Success,CID797298,eBike,Hennur,KR Puram,105,75,NA,NA,No,NA,264,Cash,27,3.2,3.6
03-07-2024,9.20.00 AM,CNR1780998824,Success,CID410087,Prime Plus,Frazer Town,Ramamurthy Nagar,196,95,NA,NA,No,NA,324,Cash,49,4.8,3.3
15-07-2024,4.41.00 PM,CNR7710804440,Driver Not Found,CID820541,Prime Sedan,RT Nagar,Bannerghatta Road,NA,NA,NA,NA,NA,NA,438,NA,0,0,0
06-07-2024,11.54.00 AM,CNR8105903458,Success,CID930699,Prime SUV,Bellandur,Kengeri,287,65,NA,NA,No,NA,285,Cash,8,4.2,4.8
07-07-2024,5.26.00 PM,CNR4672172755,Success,CID129124,Prime Sedan,Banashankari,Whitefield,217,135,NA,NA,No,NA,493,UPI,5,4.3,4.2
30-07-2024,4.48.00 PM,CNR5272594548,Canceled by Driver,CID627109,Prime Plus,KR Puram,Marathahalli,NA,NA,NA,Customer was coughing/sick,NA,NA,470,NA,0,0,0
04-07-2024,9.47.00 PM,CNR8535011317,Success,CID520411,Bike,Nagarbhavi,Bannerghatta Road,210,90,NA,NA,Yes,Customer Demand,155,UPI,27,4.5,3.2
01-07-2024,6.01.00 AM,CNR6548861474,Success,CID523299,Bike,Varthur,Magadi Road,280,60,NA,NA,No,NA,139,Cash,31,3.7,3.6
17-07-2024,5.43.00 PM,CNR3096920957,Success,CID738485,Auto,Devanahalli,Indiranagar,280,25,NA,NA,No,NA,2851,UPI,2,3.8,3.4
24-07-2024,11.02.00 PM,CNR6844255970,Canceled by Customer,CID476455,eBike,Ramamurthy Nagar,Tumkur Road,NA,NA,Wrong Address,NA,NA,NA,2638,NA,0,0,0
24-07-2024,11.37.00 AM,CNR5106611023,Success,CID459050,Prime Sedan,MG Road,Hosur Road,147,95,NA,NA,Yes,Other Issue,426,UPI,15,3.9,3.9
08-07-2024,5.54.00 PM,CNR4676885596,Success,CID586363,Mini,Hebbal,Marathahalli,196,105,NA,NA,No,NA,579,Cash,20,3.5,3.6
02-07-2024,1.37.00 PM,CNR8282607088,Success,CID421931,Mini,Jayanagar,Yeshwanthpur,175,145,NA,NA,No,NA,358,Cash,42,4.1,4.6
21-07-2024,12.00.00 PM,CNR7249326192,Success,CID719773,Bike,Majestic,Rajarajeshwari Nagar,105,110,NA,NA,No,NA,165,UPI,37,3.7,4.5
16-07-2024,10.06.00 PM,CNR5961372525,Driver Not Found,CID339674,Auto,Peenya,Richmond Town,NA,NA,NA,NA,NA,NA,2684,NA,0,0,0
28-07-2024,1.39.00 AM,CNR5743469846,Success,CID947691,Prime Sedan,Nagarbhavi,Ramamurthy Nagar,301,125,NA,NA,No,NA,145,Credit Card,3,3.6,3.2
15-07-2024,6.16.00 AM,CNR7807535423,Success,CID912142,Prime Plus,Basavanagudi,RT Nagar,70,75,NA,NA,No,NA,336,UPI,13,3.9,3.4
20-07-2024,9.29.00 AM,CNR7127343811,Success,CID440642,Prime SUV,Hulimavu,Sarjapur Road,42,40,NA,NA,Yes,Vehicle Breakdown,589,Cash,10,4,4.5
28-07-2024,9.41.00 AM,CNR8143996976,Success,CID263485,Prime Plus,Hulimavu,Richmond Town,70,125,NA,NA,No,NA,184,UPI,19,3.9,4.2
22-07-2024,7.49.00 AM,CNR8265796055,Success,CID667686,eBike,Chickpet,Whitefield,245,60,NA,NA,No,NA,250,UPI,3,5,4.8
21-07-2024,1.56.00 AM,CNR2731832411,Success,CID838782,Prime SUV,Cox Town,Ramamurthy Nagar,266,80,NA,NA,No,NA,342,Cash,33,4,3.7
01-07-2024,12.46.00 PM,CNR5893227620,Success,CID724717,Mini,Electronic City,Padmanabhanagar,70,140,NA,NA,No,NA,665,Cash,24,3.9,3.3
14-07-2024,10.12.00 AM,CNR2900227014,Success,CID843412,Mini,Mysore Road,Banashankari,203,115,NA,NA,No,NA,217,Cash,6,4.4,4.4
24-07-2024,11.31.00 PM,CNR4369876269,Success,CID654749,Prime Sedan,Frazer Town,Bannerghatta Road,63,140,NA,NA,No,NA,358,Credit Card,36,4.6,3.2
17-07-2024,2.34.00 AM,CNR6315774432,Success,CID778590,eBike,Hennur,Kengeri,133,60,NA,NA,Yes,Other Issue,206,Cash,17,3.5,4.5
16-07-2024,1.35.00 AM,CNR6359719407,Canceled by Customer,CID132002,Auto,Kammanahalli,Peenya,NA,NA,Driver is not moving towards pickup location,NA,NA,NA,336,NA,0,0,0
12-07-2024,5.46.00 PM,CNR9415043355,Success,CID955162,Prime Sedan,Padmanabhanagar,Bellandur,63,140,NA,NA,No,NA,474,UPI,10,4.2,4.5
26-07-2024,2.13.00 PM,CNR7333194442,Success,CID563302,Mini,Indiranagar,JP Nagar,217,50,NA,NA,Yes,Other Issue,360,UPI,39,5,4.3
05-07-2024,1.55.00 PM,CNR5730003067,Success,CID180372,Bike,Sahakar Nagar,Shantinagar,294,55,NA,NA,No,NA,157,UPI,27,3.6,3.4
26-07-2024,8.46.00 AM,CNR7722077781,Canceled by Driver,CID390559,Prime Sedan,Ulsoor,Nagarbhavi,NA,NA,NA,Personal & Car related issue,NA,NA,644,NA,0,0,0
09-07-2024,5.21.00 PM,CNR8202988828,Success,CID880766,Prime Plus,Indiranagar,Kadugodi,140,55,NA,NA,No,NA,379,UPI,36,4.5,3.6
08-07-2024,3.05.00 PM,CNR2038802889,Success,CID888203,Prime SUV,Ramamurthy Nagar,Ulsoor,91,80,NA,NA,No,NA,451,Cash,8,3.9,4.7
09-07-2024,1.28.00 AM,CNR2100101481,Canceled by Customer,CID479845,Mini,Rajarajeshwari Nagar,Marathahalli,NA,NA,Driver is not moving towards pickup location,NA,NA,NA,2681,NA,0,0,0
10-07-2024,6.15.00 AM,CNR1407287806,Canceled by Driver,CID963222,eBike,Langford Town,Sahakar Nagar,NA,NA,NA,Customer related issue,NA,NA,577,NA,0,0,0
16-07-2024,6.03.00 PM,CNR5232169923,Canceled by Driver,CID656452,Prime SUV,JP Nagar,Magadi Road,NA,NA,NA,Customer was coughing/sick,NA,NA,150,NA,0,0,0
23-07-2024,10.36.00 AM,CNR2926147753,Canceled by Driver,CID297119,Prime Sedan,Bellandur,Hosur Road,NA,NA,NA,More than permitted people in there,NA,NA,260,NA,0,0,0
28-07-2024,4.45.00 AM,CNR8926994709,Success,CID335950,Bike,Ulsoor,Koramangala,175,100,NA,NA,No,NA,830,Cash,17,3.1,3.4
18-07-2024,2.29.00 PM,CNR2362099931,Success,CID233154,Prime Plus,Kengeri,Marathahalli,259,130,NA,NA,No,NA,218,Cash,47,3.5,4.1
01-07-2024,8.14.00 PM,CNR8825504314,Success,CID947173,Bike,Hebbal,Malleshwaram,112,140,NA,NA,No,NA,180,UPI,21,4.6,4.8
16-07-2024,6.34.00 PM,CNR3690929103,Success,CID545970,Prime SUV,Bellandur,Mysore Road,91,105,NA,NA,No,NA,100,UPI,43,3.3,3.7
26-07-2024,3.04.00 PM,CNR5273898512,Success,CID888630,Prime Plus,KR Puram,HSR Layout,273,130,NA,NA,No,NA,375,Cash,37,3.6,3
03-07-2024,5.16.00 AM,CNR9724333556,Success,CID203481,eBike,Hebbal,Kengeri,168,60,NA,NA,No,NA,939,Cash,43,4.3,3.3
12-07-2024,11.52.00 AM,CNR7566830663,Success,CID293107,Prime Sedan,Yeshwanthpur,Whitefield,287,115,NA,NA,No,NA,207,Cash,10,4.7,3.2
20-07-2024,9.07.00 PM,CNR7822711041,Success,CID457076,Prime SUV,Rajarajeshwari Nagar,Hulimavu,196,115,NA,NA,No,NA,959,Cash,20,3.6,3.7
06-07-2024,9.53.00 PM,CNR5652451203,Driver Not Found,CID429255,Prime SUV,HSR Layout,Varthur,NA,NA,NA,NA,NA,NA,434,NA,0,0,0
29-07-2024,10.30.00 AM,CNR2458194211,Canceled by Driver,CID761556,Auto,Ramamurthy Nagar,Yeshwanthpur,NA,NA,NA,Customer was coughing/sick,NA,NA,1181,NA,0,0,0
12-07-2024,9.53.00 PM,CNR9573102534,Canceled by Driver,CID555170,Prime Plus,Peenya,Yelahanka,NA,NA,NA,Customer related issue,NA,NA,450,NA,0,0,0
15-07-2024,1.37.00 AM,CNR2671538988,Success,CID990226,eBike,Banashankari,Richmond Town,168,85,NA,NA,No,NA,333,Cash,6,3.8,4.6
04-07-2024,5.17.00 AM,CNR1930983760,Success,CID489167,Prime Sedan,KR Puram,Devanahalli,301,110,NA,NA,No,NA,130,UPI,9,4.9,3.3
29-07-2024,9.05.00 AM,CNR1576690644,Success,CID770225,Auto,Indiranagar,Langford Town,161,80,NA,NA,No,NA,144,Cash,10,4.1,3.5
08-07-2024,8.50.00 AM,CNR6687046527,Success,CID484756,Auto,Nagarbhavi,Magadi Road,147,50,NA,NA,No,NA,961,UPI,2,4.3,3.8
03-07-2024,10.38.00 PM,CNR5214223947,Canceled by Customer,CID288996,Prime Sedan,Majestic,Malleshwaram,NA,NA,Driver asked to cancel,NA,NA,NA,604,NA,0,0,0
26-07-2024,9.06.00 AM,CNR3696598594,Success,CID422381,Auto,Majestic,Kadugodi,91,85,NA,NA,No,NA,342,UPI,1,4.3,3.9
02-07-2024,12.23.00 AM,CNR8589920790,Canceled by Customer,CID488426,Mini,Malleshwaram,Kammanahalli,NA,NA,Driver is not moving towards pickup location,NA,NA,NA,409,NA,0,0,0
24-07-2024,9.00.00 PM,CNR3050266121,Success,CID254802,Prime Sedan,Marathahalli,Kengeri,105,25,NA,NA,No,NA,489,UPI,12,4.7,4.2
02-07-2024,10.06.00 PM,CNR8248650136,Canceled by Driver,CID831076,Auto,Kammanahalli,JP Nagar,NA,NA,NA,Personal & Car related issue,NA,NA,929,NA,0,0,0
21-07-2024,7.09.00 PM,CNR8277565872,Success,CID243551,Mini,BTM Layout,Basavanagudi,133,45,NA,NA,No,NA,346,Cash,22,4.2,3.3
23-07-2024,11.25.00 PM,CNR8229656349,Success,CID350287,Mini,Rajajinagar,Kengeri,259,120,NA,NA,No,NA,793,Credit Card,9,3.6,3.8
24-07-2024,11.37.00 AM,CNR2972442433,Success,CID970989,Prime Sedan,Rajajinagar,Basavanagudi,224,65,NA,NA,No,NA,469,UPI,28,4.3,3.5
03-07-2024,6.23.00 AM,CNR7109314308,Success,CID452595,eBike,Rajarajeshwari Nagar,Chickpet,161,95,NA,NA,No,NA,233,UPI,40,3.7,4.1
20-07-2024,1.43.00 AM,CNR9633582377,Canceled by Driver,CID798617,Prime Plus,JP Nagar,Sarjapur Road,NA,NA,NA,Customer was coughing/sick,NA,NA,401,NA,0,0,0
13-07-2024,8.30.00 PM,CNR7314215778,Success,CID460519,Auto,Malleshwaram,Electronic City,175,55,NA,NA,No,NA,207,UPI,4,4.8,5
25-07-2024,10.37.00 AM,CNR8070363718,Canceled by Driver,CID676697,Prime Sedan,Frazer Town,Indiranagar,NA,NA,NA,Customer was coughing/sick,NA,NA,351,NA,0,0,0
18-07-2024,4.11.00 AM,CNR7643459345,Success,CID709679,Bike,Ulsoor,KR Puram,140,45,NA,NA,No,NA,402,Cash,2,4.9,3.1
30-07-2024,1.41.00 PM,CNR5920793060,Success,CID374655,Prime Plus,Hennur,KR Puram,175,50,NA,NA,No,NA,624,UPI,38,3.4,4.7
29-07-2024,11.29.00 PM,CNR3558335067,Canceled by Driver,CID994763,Mini,RT Nagar,Electronic City,NA,NA,NA,Customer related issue,NA,NA,945,NA,0,0,0
02-07-2024,7.37.00 PM,CNR5902195430,Success,CID485857,Prime Sedan,Shantinagar,Hosur Road,56,135,NA,NA,No,NA,295,UPI,28,3.3,3.8
26-07-2024,8.41.00 AM,CNR6938164723,Canceled by Customer,CID616438,Auto,RT Nagar,Chickpet,NA,NA,Driver is not moving towards pickup location,NA,NA,NA,718,NA,0,0,0
23-07-2024,8.37.00 PM,CNR3989026336,Canceled by Driver,CID739527,Auto,Marathahalli,MG Road,NA,NA,NA,Personal & Car related issue,NA,NA,963,NA,0,0,0
23-07-2024,8.20.00 AM,CNR7947752424,Canceled by Driver,CID312192,Bike,Rajajinagar,Ramamurthy Nagar,NA,NA,NA,Personal & Car related issue,NA,NA,1869,NA,0,0,0
27-07-2024,7.59.00 PM,CNR5515574345,Success,CID646862,Prime SUV,Cox Town,HSR Layout,70,40,NA,NA,No,NA,918,UPI,9,4.4,3.5
25-07-2024,2.15.00 PM,CNR5193789377,Success,CID554587,Auto,Majestic,Majestic,35,60,NA,NA,No,NA,134,UPI,16,4.9,4.4
05-07-2024,4.32.00 AM,CNR6987923530,Success,CID701686,Prime Plus,Chickpet,Bellandur,56,125,NA,NA,No,NA,345,UPI,21,3.6,3.6
07-07-2024,12.18.00 PM,CNR1447068216,Success,CID670988,Prime Plus,Chamarajpet,Hennur,231,140,NA,NA,No,NA,924,UPI,30,4.8,3.6
23-07-2024,7.32.00 AM,CNR2862815650,Success,CID149705,eBike,Nagarbhavi,Sarjapur Road,49,35,NA,NA,No,NA,373,Cash,11,4.7,4.7
05-07-2024,10.04.00 AM,CNR7792061159,Success,CID171490,Mini,Varthur,Nagarbhavi,91,65,NA,NA,No,NA,375,Cash,29,4,4.4
25-07-2024,2.26.00 AM,CNR9039416911,Success,CID491409,Mini,Rajarajeshwari Nagar,Hennur,56,45,NA,NA,No,NA,268,Cash,7,4.5,3.6
22-07-2024,4.33.00 PM,CNR5793649611,Success,CID282183,Auto,Hosur Road,JP Nagar,91,65,NA,NA,No,NA,519,Cash,2,3.5,4.3
13-07-2024,4.51.00 AM,CNR6854201913,Success,CID467155,Bike,Majestic,Langford Town,126,60,NA,NA,No,NA,141,Cash,12,3.6,3.8
08-07-2024,10.46.00 PM,CNR7087492547,Success,CID951895,Bike,RT Nagar,JP Nagar,308,85,NA,NA,No,NA,186,UPI,38,4.1,3.8
03-07-2024,7.49.00 AM,CNR4143470815,Success,CID111601,Prime Sedan,Langford Town,Langford Town,301,140,NA,NA,No,NA,982,Cash,16,4.3,4.7
12-07-2024,2.23.00 AM,CNR8792365083,Canceled by Driver,CID462303,Prime Plus,Shivajinagar,JP Nagar,NA,NA,NA,Personal & Car related issue,NA,NA,218,NA,0,0,0
13-07-2024,3.11.00 AM,CNR4160637846,Success,CID955988,Mini,Shantinagar,Magadi Road,98,30,NA,NA,No,NA,803,Cash,14,3.5,4.8
05-07-2024,12.00.00 PM,CNR4730462346,Success,CID715681,Prime Sedan,Hebbal,Jayanagar,168,45,NA,NA,No,NA,389,Credit Card,46,3.1,3.8
20-07-2024,5.31.00 AM,CNR3717381634,Canceled by Driver,CID384320,eBike,Nagarbhavi,RT Nagar,NA,NA,NA,More than permitted people in there,NA,NA,135,NA,0,0,0
12-07-2024,6.01.00 PM,CNR3417502965,Success,CID424602,eBike,Sarjapur Road,Bannerghatta Road,147,35,NA,NA,No,NA,432,UPI,5,4.9,4.3
22-07-2024,11.16.00 PM,CNR3600939753,Success,CID882123,Bike,Devanahalli,Yeshwanthpur,294,45,NA,NA,No,NA,424,Cash,14,4.4,4.2
18-07-2024,9.49.00 PM,CNR5181746297,Canceled by Customer,CID305943,Mini,Chamarajpet,BTM Layout,NA,NA,Driver is not moving towards pickup location,NA,NA,NA,1866,NA,0,0,0
09-07-2024,3.32.00 AM,CNR6672329764,Success,CID695232,Prime SUV,Kengeri,Majestic,70,55,NA,NA,No,NA,2981,Cash,14,3,4.7
08-07-2024,1.42.00 PM,CNR8934509053,Success,CID998400,Bike,Hosur Road,Malleshwaram,189,110,NA,NA,No,NA,719,Cash,27,3.9,3.7
13-07-2024,10.27.00 AM,CNR7734309821,Canceled by Customer,CID545024,eBike,Electronic City,Hosur Road,NA,NA,Driver is not moving towards pickup location,NA,NA,NA,499,NA,0,0,0
05-07-2024,10.03.00 AM,CNR3264754489,Driver Not Found,CID960832,eBike,Bellandur,MG Road,NA,NA,NA,NA,NA,NA,454,NA,0,0,0
02-07-2024,2.04.00 PM,CNR6354004178,Success,CID112187,Prime SUV,Shantinagar,Kammanahalli,56,105,NA,NA,No,NA,242,UPI,44,4.4,4.8
22-07-2024,9.53.00 PM,CNR4658965953,Success,CID197262,Mini,KR Puram,Shivajinagar,126,140,NA,NA,No,NA,663,Cash,15,4.5,5
10-07-2024,11.06.00 PM,CNR7296216469,Success,CID124038,Mini,Sarjapur Road,Padmanabhanagar,147,135,NA,NA,Yes,Customer Demand,442,Cash,43,3.5,5
07-07-2024,6.49.00 PM,CNR1027785146,Canceled by Driver,CID465899,Auto,Hennur,HSR Layout,NA,NA,NA,Personal & Car related issue,NA,NA,454,NA,0,0,0
10-07-2024,1.18.00 PM,CNR6293456759,Driver Not Found,CID993583,Prime Plus,Yelahanka,Whitefield,NA,NA,NA,NA,NA,NA,192,NA,0,0,0
13-07-2024,3.00.00 PM,CNR7895473510,Success,CID573911,Auto,Electronic City,Vijayanagar,210,125,NA,NA,No,NA,253,Cash,9,4,3
08-07-2024,7.56.00 AM,CNR4112350664,Success,CID723639,Prime SUV,Hulimavu,Banashankari,287,95,NA,NA,No,NA,446,Cash,14,4.6,3.1
12-07-2024,11.51.00 PM,CNR9735730132,Driver Not Found,CID400089,Prime Plus,Basavanagudi,Richmond Town,NA,NA,NA,NA,NA,NA,345,NA,0,0,0
20-07-2024,11.13.00 PM,CNR7765648208,Success,CID804711,Auto,Rajajinagar,Chickpet,259,115,NA,NA,No,NA,361,Cash,13,3.2,3.4
22-07-2024,2.53.00 PM,CNR5848221847,Canceled by Customer,CID684645,Mini,Kammanahalli,Majestic,NA,NA,Wrong Address,NA,NA,NA,418,NA,0,0,0
29-07-2024,11.56.00 PM,CNR7431340936,Driver Not Found,CID875801,Mini,Peenya,Tumkur Road,NA,NA,NA,NA,NA,NA,475,NA,0,0,0
23-07-2024,10.50.00 PM,CNR2569160184,Canceled by Driver,CID229671,Bike,Padmanabhanagar,Hosur Road,NA,NA,NA,Customer related issue,NA,NA,370,NA,0,0,0
28-07-2024,7.10.00 PM,CNR6294714720,Canceled by Customer,CID847706,eBike,Whitefield,Hennur,NA,NA,Driver asked to cancel,NA,NA,NA,291,NA,0,0,0
04-07-2024,4.33.00 PM,CNR9556051787,Success,CID124602,Prime Plus,Kadugodi,Magadi Road,308,115,NA,NA,No,NA,283,Cash,2,3.3,3.1
21-07-2024,2.10.00 AM,CNR3151562230,Success,CID864144,Prime Plus,Koramangala,Yelahanka,182,145,NA,NA,Yes,Vehicle Breakdown,105,UPI,16,4.9,3.4
28-07-2024,3.18.00 AM,CNR3888627336,Success,CID101545,Mini,Basavanagudi,Marathahalli,259,75,NA,NA,No,NA,1918,Cash,38,3.4,4.3
30-07-2024,11.11.00 PM,CNR6536563208,Success,CID527863,Mini,Chamarajpet,Indiranagar,105,100,NA,NA,No,NA,412,Cash,22,3.9,3.4
21-07-2024,7.48.00 PM,CNR9221369404,Success,CID153868,Prime SUV,Sahakar Nagar,Kengeri,175,115,NA,NA,No,NA,110,Cash,3,4.4,3.9
28-07-2024,9.39.00 AM,CNR5701220733,Canceled by Driver,CID917125,Prime SUV,Rajajinagar,Chickpet,NA,NA,NA,More than permitted people in there,NA,NA,294,NA,0,0,0
10-07-2024,9.55.00 AM,CNR7419458512,Success,CID542417,Prime SUV,Shantinagar,Marathahalli,252,70,NA,NA,No,NA,571,UPI,28,3.9,3
02-07-2024,9.51.00 PM,CNR7587397053,Canceled by Driver,CID462242,Mini,JP Nagar,Rajarajeshwari Nagar,NA,NA,NA,Customer related issue,NA,NA,187,NA,0,0,0
03-07-2024,12.06.00 AM,CNR6987499296,Success,CID819742,Prime Plus,Padmanabhanagar,Rajajinagar,63,60,NA,NA,No,NA,364,Cash,15,3.3,4
21-07-2024,8.54.00 AM,CNR4029323577,Success,CID970067,eBike,Langford Town,Vijayanagar,161,65,NA,NA,No,NA,241,Cash,30,4.5,4
23-07-2024,12.45.00 AM,CNR6398804130,Success,CID506447,Prime SUV,Hebbal,Frazer Town,245,70,NA,NA,No,NA,290,UPI,39,3.8,3.3
10-07-2024,6.45.00 PM,CNR5457171323,Success,CID324049,Mini,Hulimavu,Rajarajeshwari Nagar,224,65,NA,NA,No,NA,915,Cash,22,4.6,3.5
30-07-2024,8.47.00 PM,CNR9662064828,Canceled by Customer,CID989204,eBike,Yelahanka,MG Road,NA,NA,Driver asked to cancel,NA,NA,NA,746,NA,0,0,0
08-07-2024,10.02.00 AM,CNR3107498077,Driver Not Found,CID950406,eBike,Bannerghatta Road,Shantinagar,NA,NA,NA,NA,NA,NA,427,NA,0,0,0
01-07-2024,9.53.00 PM,CNR3952732444,Success,CID452123,Prime Plus,RT Nagar,Bannerghatta Road,42,75,NA,NA,No,NA,409,Cash,7,3.1,4.9
20-07-2024,6.22.00 AM,CNR5777910597,Canceled by Driver,CID663872,Prime SUV,JP Nagar,Shantinagar,NA,NA,NA,More than permitted people in there,NA,NA,898,NA,0,0,0
02-07-2024,3.52.00 AM,CNR2991513181,Success,CID992348,Auto,Hennur,Padmanabhanagar,175,95,NA,NA,No,NA,305,Cash,2,3.7,3.9
11-07-2024,7.57.00 AM,CNR5940757396,Canceled by Customer,CID700861,Mini,JP Nagar,KR Puram,NA,NA,Change of plans,NA,NA,NA,2501,NA,0,0,0
06-07-2024,6.51.00 AM,CNR7375877575,Success,CID348054,Prime Plus,JP Nagar,Mysore Road,112,110,NA,NA,No,NA,2926,UPI,43,4.5,4.1
16-07-2024,9.19.00 PM,CNR1872080690,Canceled by Driver,CID691524,Auto,Banashankari,Kengeri,NA,NA,NA,Customer related issue,NA,NA,463,NA,0,0,0
07-07-2024,6.50.00 PM,CNR8442827020,Success,CID478385,Auto,Kammanahalli,BTM Layout,133,130,NA,NA,No,NA,717,Cash,16,3.7,3.7
13-07-2024,2.03.00 AM,CNR8692201198,Success,CID842293,Prime SUV,BTM Layout,Richmond Town,42,40,NA,NA,No,NA,214,UPI,17,4.1,3.5
19-07-2024,1.05.00 AM,CNR3016403523,Success,CID800910,Mini,Bellandur,Peenya,161,100,NA,NA,No,NA,434,UPI,35,3.4,4.9
20-07-2024,3.01.00 AM,CNR1593407677,Success,CID142070,Mini,Banashankari,Bellandur,210,145,NA,NA,No,NA,318,UPI,49,4.7,3.3
25-07-2024,6.31.00 AM,CNR4313471304,Driver Not Found,CID217346,Prime Plus,Langford Town,Cox Town,NA,NA,NA,NA,NA,NA,247,NA,0,0,0
13-07-2024,9.48.00 PM,CNR4050153436,Success,CID448471,Prime Sedan,Bellandur,Kengeri,175,70,NA,NA,No,NA,207,Cash,17,3.4,3.3
30-07-2024,11.36.00 AM,CNR8141621703,Success,CID461730,eBike,Electronic City,Langford Town,287,125,NA,NA,No,NA,172,Cash,36,3.5,3.5
23-07-2024,11.05.00 AM,CNR1852330795,Success,CID756591,Prime Plus,Hulimavu,Yelahanka,301,100,NA,NA,No,NA,108,Cash,40,3.3,4.9
10-07-2024,7.56.00 AM,CNR3515016228,Success,CID717188,Prime Sedan,Marathahalli,Hulimavu,259,80,NA,NA,Yes,Vehicle Breakdown,230,Cash,35,4.6,4.9
21-07-2024,4.55.00 PM,CNR6664390913,Success,CID894563,Mini,Chickpet,Chickpet,77,145,NA,NA,No,NA,391,UPI,37,3.5,4.9
05-07-2024,7.28.00 AM,CNR5020910140,Canceled by Customer,CID973188,eBike,Shivajinagar,Yelahanka,NA,NA,Driver is not moving towards pickup location,NA,NA,NA,189,NA,0,0,0
24-07-2024,12.34.00 PM,CNR2303900695,Success,CID655347,Prime SUV,Chickpet,Sarjapur Road,35,145,NA,NA,No,NA,355,Cash,40,4.5,3.9
26-07-2024,6.36.00 PM,CNR7089337616,Success,CID385173,Auto,Chickpet,Frazer Town,189,125,NA,NA,No,NA,205,Cash,10,5,3.7
01-07-2024,1.43.00 AM,CNR7156159431,Success,CID658603,Prime Plus,Shantinagar,Marathahalli,266,85,NA,NA,No,NA,738,Cash,20,3.8,3.4
08-07-2024,11.57.00 PM,CNR9155782240,Success,CID724071,Prime SUV,Banashankari,Devanahalli,63,45,NA,NA,No,NA,217,Cash,4,4.9,4.9
25-07-2024,3.08.00 AM,CNR6247095121,Success,CID618304,Auto,HSR Layout,Mysore Road,119,50,NA,NA,No,NA,217,Cash,19,3.5,4.8
01-07-2024,2.09.00 AM,CNR2779154048,Success,CID105206,Auto,Hennur,Hennur,133,145,NA,NA,No,NA,394,Cash,4,3.6,3.2
09-07-2024,5.03.00 AM,CNR7865258416,Canceled by Driver,CID941565,Prime SUV,BTM Layout,Hosur Road,NA,NA,NA,More than permitted people in there,NA,NA,948,NA,0,0,0
24-07-2024,1.57.00 AM,CNR7022469695,Success,CID353156,Mini,Ulsoor,Ramamurthy Nagar,147,100,NA,NA,No,NA,553,Cash,15,4.1,4.8
04-07-2024,11.42.00 AM,CNR7814983210,Success,CID553003,Prime Sedan,Peenya,Ulsoor,91,70,NA,NA,No,NA,930,UPI,43,3.8,4.1
23-07-2024,2.45.00 AM,CNR2502432692,Driver Not Found,CID798737,Mini,Mysore Road,Kengeri,NA,NA,NA,NA,NA,NA,753,NA,0,0,0
09-07-2024,1.01.00 AM,CNR4297020438,Canceled by Customer,CID132154,eBike,Shivajinagar,Hebbal,NA,NA,Change of plans,NA,NA,NA,473,NA,0,0,0
29-07-2024,12.23.00 AM,CNR2898581380,Driver Not Found,CID314861,Prime SUV,Majestic,Nagarbhavi,NA,NA,NA,NA,NA,NA,458,NA,0,0,0
03-07-2024,6.39.00 AM,CNR5878457606,Success,CID992357,Auto,Bannerghatta Road,MG Road,231,35,NA,NA,No,NA,1164,UPI,18,4.8,3.7
30-07-2024,6.17.00 PM,CNR9753708858,Success,CID349707,Prime Plus,Magadi Road,Hosur Road,112,140,NA,NA,Yes,Customer Demand,350,Cash,32,4.6,4.6
23-07-2024,5.55.00 PM,CNR7981405163,Success,CID638844,Bike,Electronic City,Ramamurthy Nagar,294,65,NA,NA,No,NA,491,Cash,28,4.3,3
20-07-2024,8.05.00 PM,CNR1459522677,Success,CID453698,Prime Sedan,KR Puram,Kadugodi,49,40,NA,NA,No,NA,376,Cash,36,4.5,3.4
29-07-2024,9.14.00 AM,CNR7944506445,Success,CID409821,Auto,Nagarbhavi,Richmond Town,287,30,NA,NA,No,NA,393,Cash,15,4.8,3.2
05-07-2024,4.09.00 AM,CNR3549347253,Driver Not Found,CID475934,eBike,Devanahalli,Hebbal,NA,NA,NA,NA,NA,NA,274,NA,0,0,0
11-07-2024,4.44.00 PM,CNR8422419602,Success,CID831503,Prime SUV,Magadi Road,Sahakar Nagar,224,85,NA,NA,No,NA,433,Cash,9,4.9,4.1
04-07-2024,4.15.00 AM,CNR5855634722,Success,CID189950,Prime Plus,Hebbal,Frazer Town,84,145,NA,NA,No,NA,192,Cash,21,4,4
08-07-2024,11.31.00 PM,CNR8320043637,Success,CID540732,Prime Sedan,Banashankari,Marathahalli,84,65,NA,NA,No,NA,976,Cash,10,3.7,4.4
09-07-2024,8.13.00 AM,CNR8034283783,Driver Not Found,CID310668,Prime Sedan,Koramangala,HSR Layout,NA,NA,NA,NA,NA,NA,329,NA,0,0,0
25-07-2024,4.49.00 PM,CNR3256371921,Canceled by Customer,CID485504,Prime SUV,Bannerghatta Road,Indiranagar,NA,NA,Wrong Address,NA,NA,NA,272,NA,0,0,0
19-07-2024,8.38.00 PM,CNR8022592314,Success,CID673757,Bike,Bannerghatta Road,Magadi Road,196,130,NA,NA,No,NA,340,Cash,49,4.7,4.1
06-07-2024,10.03.00 AM,CNR1440283141,Canceled by Driver,CID472749,Prime Plus,Basavanagudi,Basavanagudi,NA,NA,NA,Customer related issue,NA,NA,564,NA,0,0,0
24-07-2024,5.32.00 PM,CNR8786686268,Success,CID670567,Auto,Basavanagudi,Kadugodi,98,85,NA,NA,No,NA,745,UPI,12,4.3,4.4
10-07-2024,12.09.00 PM,CNR7641018528,Success,CID317332,Bike,JP Nagar,RT Nagar,217,55,NA,NA,No,NA,381,UPI,29,4.9,3.5
07-07-2024,9.06.00 AM,CNR6470195463,Canceled by Customer,CID428166,Prime Plus,Vijayanagar,Tumkur Road,NA,NA,Wrong Address,NA,NA,NA,413,NA,0,0,0
04-07-2024,1.49.00 PM,CNR7917159192,Success,CID250046,Mini,JP Nagar,Hebbal,301,110,NA,NA,No,NA,730,Cash,22,3.8,4.6
25-07-2024,2.07.00 AM,CNR9509424303,Success,CID796778,Prime Plus,Majestic,MG Road,175,55,NA,NA,No,NA,295,Credit Card,14,3.5,3.7
15-07-2024,5.57.00 AM,CNR8287954331,Success,CID598194,eBike,Varthur,Yeshwanthpur,252,75,NA,NA,No,NA,108,UPI,43,4.1,3.9
27-07-2024,9.42.00 AM,CNR1456183116,Canceled by Customer,CID426820,eBike,Mysore Road,Shivajinagar,NA,NA,Driver asked to cancel,NA,NA,NA,459,NA,0,0,0
02-07-2024,10.00.00 AM,CNR3291976622,Success,CID399949,Mini,Whitefield,Jayanagar,112,115,NA,NA,No,NA,254,UPI,44,3.1,4.5
19-07-2024,4.26.00 PM,CNR8127313439,Canceled by Driver,CID356015,Prime SUV,JP Nagar,Bannerghatta Road,NA,NA,NA,Customer was coughing/sick,NA,NA,494,NA,0,0,0
09-07-2024,8.47.00 PM,CNR1411493057,Success,CID985828,Mini,Malleshwaram,Hennur,147,75,NA,NA,No,NA,118,Cash,14,4.2,4.4
01-07-2024,9.47.00 AM,CNR4906896933,Canceled by Customer,CID564638,eBike,Peenya,Koramangala,NA,NA,Change of plans,NA,NA,NA,361,NA,0,0,0
28-07-2024,4.25.00 PM,CNR9098900102,Success,CID234084,eBike,Shivajinagar,Kadugodi,273,80,NA,NA,No,NA,202,Credit Card,5,3.3,4.6
20-07-2024,6.38.00 AM,CNR8778214565,Canceled by Driver,CID174110,eBike,Marathahalli,Magadi Road,NA,NA,NA,Personal & Car related issue,NA,NA,2642,NA,0,0,0
20-07-2024,1.50.00 AM,CNR9013284015,Success,CID296147,Prime Sedan,Tumkur Road,Kengeri,203,65,NA,NA,No,NA,498,UPI,3,4.6,4.4
08-07-2024,9.43.00 PM,CNR1899513439,Canceled by Customer,CID151544,Prime SUV,Whitefield,Langford Town,NA,NA,Change of plans,NA,NA,NA,240,NA,0,0,0
11-07-2024,11.22.00 AM,CNR3457246461,Success,CID293784,Mini,Frazer Town,Hebbal,161,95,NA,NA,No,NA,399,Cash,22,4.2,3.1
02-07-2024,11.35.00 PM,CNR3328257189,Canceled by Driver,CID980629,Bike,Jayanagar,Bellandur,NA,NA,NA,Customer was coughing/sick,NA,NA,303,NA,0,0,0
15-07-2024,8.55.00 AM,CNR9514979628,Success,CID620964,Bike,Varthur,Ramamurthy Nagar,91,40,NA,NA,No,NA,261,UPI,30,4.8,4.9
30-07-2024,12.47.00 AM,CNR6683059009,Success,CID704893,Prime Sedan,BTM Layout,JP Nagar,70,65,NA,NA,No,NA,340,Debit Card,23,4.9,3.2
24-07-2024,3.13.00 AM,CNR6521243972,Canceled by Customer,CID401934,Mini,Ramamurthy Nagar,Sahakar Nagar,NA,NA,Driver is not moving towards pickup location,NA,NA,NA,662,NA,0,0,0
28-07-2024,5.43.00 AM,CNR5249945945,Success,CID945925,Prime Plus,Hulimavu,Whitefield,245,140,NA,NA,No,NA,569,Cash,44,4.5,4
28-07-2024,9.53.00 PM,CNR4959722358,Canceled by Driver,CID336152,eBike,Sarjapur Road,HSR Layout,NA,NA,NA,Customer was coughing/sick,NA,NA,185,NA,0,0,0
02-07-2024,6.13.00 AM,CNR7004499391,Canceled by Customer,CID545922,Prime SUV,KR Puram,Kengeri,NA,NA,Change of plans,NA,NA,NA,322,NA,0,0,0
22-07-2024,12.44.00 AM,CNR6185886977,Canceled by Driver,CID683200,Prime Sedan,JP Nagar,Bellandur,NA,NA,NA,Customer was coughing/sick,NA,NA,279,NA,0,0,0
08-07-2024,9.53.00 AM,CNR6190557479,Success,CID586065,eBike,Kadugodi,Langford Town,294,100,NA,NA,No,NA,468,Cash,36,3.1,3.7
26-07-2024,12.47.00 AM,CNR3718911387,Success,CID683457,Auto,Hebbal,Hebbal,35,135,NA,NA,No,NA,436,UPI,17,3.5,3.6
22-07-2024,9.42.00 PM,CNR5475627471,Success,CID330754,Bike,JP Nagar,MG Road,252,140,NA,NA,No,NA,121,Cash,14,3.6,3.1
09-07-2024,2.04.00 PM,CNR6300023142,Canceled by Driver,CID693495,Auto,Richmond Town,Nagarbhavi,NA,NA,NA,Customer related issue,NA,NA,1265,NA,0,0,0
02-07-2024,10.18.00 PM,CNR8793757122,Canceled by Driver,CID328176,Auto,Yelahanka,Malleshwaram,NA,NA,NA,Customer was coughing/sick,NA,NA,409,NA,0,0,0
02-07-2024,2.16.00 AM,CNR1931024373,Success,CID137186,Mini,Peenya,Rajarajeshwari Nagar,252,55,NA,NA,Yes,Vehicle Breakdown,303,UPI,34,5,4.8
15-07-2024,4.53.00 PM,CNR3737438536,Canceled by Driver,CID363541,Prime Sedan,MG Road,Ulsoor,NA,NA,NA,Personal & Car related issue,NA,NA,339,NA,0,0,0
07-07-2024,4.23.00 AM,CNR5549987779,Driver Not Found,CID638096,Prime Plus,Yeshwanthpur,Rajajinagar,NA,NA,NA,NA,NA,NA,119,NA,0,0,0
18-07-2024,7.31.00 AM,CNR4166236620,Canceled by Customer,CID174499,Prime SUV,Frazer Town,Devanahalli,NA,NA,Driver asked to cancel,NA,NA,NA,218,NA,0,0,0
13-07-2024,3.18.00 AM,CNR5842450029,Success,CID759414,Auto,Devanahalli,Vijayanagar,287,25,NA,NA,No,NA,429,Cash,15,3.8,4.8
15-07-2024,1.43.00 PM,CNR3086279264,Success,CID209368,Prime SUV,Koramangala,Malleshwaram,112,130,NA,NA,No,NA,158,UPI,24,3.9,4.9
11-07-2024,7.00.00 AM,CNR3092150984,Driver Not Found,CID437545,Prime SUV,BTM Layout,Nagarbhavi,NA,NA,NA,NA,NA,NA,486,NA,0,0,0
15-07-2024,8.05.00 AM,CNR5785794868,Success,CID982838,Prime Sedan,Majestic,Nagarbhavi,294,65,NA,NA,No,NA,196,UPI,44,4.7,3.3
07-07-2024,2.17.00 PM,CNR3092594393,Success,CID747844,Bike,Electronic City,Kadugodi,301,50,NA,NA,No,NA,532,UPI,1,4.5,3
11-07-2024,10.45.00 PM,CNR8736294385,Success,CID454270,eBike,MG Road,Marathahalli,203,115,NA,NA,No,NA,499,UPI,5,3.6,3.4
06-07-2024,7.13.00 PM,CNR8157928979,Canceled by Driver,CID710399,Prime Sedan,Majestic,KR Puram,NA,NA,NA,Personal & Car related issue,NA,NA,642,NA,0,0,0
19-07-2024,9.32.00 AM,CNR3416620657,Success,CID686038,Prime Sedan,RT Nagar,Banashankari,238,40,NA,NA,No,NA,1946,UPI,44,4.1,3.9
12-07-2024,11.36.00 AM,CNR3514157582,Success,CID792649,Prime Plus,Yeshwanthpur,HSR Layout,56,100,NA,NA,No,NA,435,Cash,47,4,4.8
18-07-2024,1.22.00 AM,CNR5353677897,Canceled by Customer,CID319563,Mini,Rajarajeshwari Nagar,Whitefield,NA,NA,AC is Not working,NA,NA,NA,463,NA,0,0,0
07-07-2024,4.12.00 PM,CNR7038990440,Success,CID472797,Prime Plus,KR Puram,BTM Layout,252,75,NA,NA,No,NA,100,Cash,21,3,3.3
18-07-2024,10.21.00 PM,CNR7110634082,Success,CID658725,Bike,Basavanagudi,Rajarajeshwari Nagar,168,50,NA,NA,No,NA,218,UPI,21,4.1,3.2
03-07-2024,3.29.00 PM,CNR8893814860,Success,CID912017,Mini,Peenya,Kammanahalli,98,25,NA,NA,No,NA,351,Cash,48,4,3.6
26-07-2024,11.52.00 AM,CNR7540240070,Canceled by Driver,CID324487,Mini,JP Nagar,Sarjapur Road,NA,NA,NA,Customer related issue,NA,NA,452,NA,0,0,0
30-07-2024,1.26.00 PM,CNR5370106193,Canceled by Driver,CID475279,Prime Plus,Mysore Road,Jayanagar,NA,NA,NA,Customer related issue,NA,NA,695,NA,0,0,0
09-07-2024,8.41.00 AM,CNR2246347681,Success,CID750030,Bike,Rajarajeshwari Nagar,Langford Town,196,25,NA,NA,No,NA,940,UPI,34,3.6,4.5
22-07-2024,10.22.00 PM,CNR3450602497,Success,CID817999,Auto,Mysore Road,Devanahalli,49,145,NA,NA,No,NA,2129,Credit Card,14,4.5,4.9
02-07-2024,6.24.00 AM,CNR5609417423,Canceled by Customer,CID637563,Mini,Yeshwanthpur,Richmond Town,NA,NA,Driver is not moving towards pickup location,NA,NA,NA,405,NA,0,0,0
12-07-2024,4.57.00 PM,CNR4615608754,Success,CID799545,eBike,Sahakar Nagar,Shivajinagar,280,75,NA,NA,No,NA,382,Credit Card,36,4.1,3.8
21-07-2024,5.31.00 PM,CNR6445080363,Canceled by Driver,CID184041,eBike,Hennur,Kammanahalli,NA,NA,NA,Personal & Car related issue,NA,NA,279,NA,0,0,0
28-07-2024,3.29.00 AM,CNR4002530518,Success,CID919961,Prime SUV,Kadugodi,Bannerghatta Road,147,110,NA,NA,No,NA,104,Cash,1,3.3,3.5
10-07-2024,10.31.00 AM,CNR9986843921,Canceled by Customer,CID961653,Prime Plus,Cox Town,Chamarajpet,NA,NA,Driver asked to cancel,NA,NA,NA,136,NA,0,0,0
12-07-2024,4.36.00 AM,CNR2753338754,Success,CID889387,eBike,Padmanabhanagar,Bannerghatta Road,238,140,NA,NA,No,NA,239,Credit Card,48,4.9,3.2
07-07-2024,7.38.00 AM,CNR5528674251,Canceled by Driver,CID993108,Prime SUV,Bellandur,Ramamurthy Nagar,NA,NA,NA,Personal & Car related issue,NA,NA,244,NA,0,0,0
16-07-2024,5.01.00 PM,CNR7958289091,Canceled by Driver,CID261185,Prime Sedan,Richmond Town,Vijayanagar,NA,NA,NA,Personal & Car related issue,NA,NA,225,NA,0,0,0
01-07-2024,8.47.00 AM,CNR1663305836,Driver Not Found,CID851834,eBike,Padmanabhanagar,Hennur,NA,NA,NA,NA,NA,NA,744,NA,0,0,0
18-07-2024,10.36.00 AM,CNR8719325633,Success,CID208400,Auto,Sahakar Nagar,Mysore Road,238,45,NA,NA,No,NA,843,UPI,9,4.6,3.9
17-07-2024,9.38.00 AM,CNR1685989752,Success,CID472423,eBike,Yelahanka,Hebbal,168,120,NA,NA,No,NA,168,Cash,9,4.9,3.2
05-07-2024,1.09.00 PM,CNR5480403089,Success,CID380453,Prime Plus,Yeshwanthpur,Richmond Town,217,80,NA,NA,No,NA,363,UPI,26,4.3,5
24-07-2024,6.52.00 PM,CNR5137043296,Success,CID343254,Mini,Varthur,Hennur,280,105,NA,NA,No,NA,314,Debit Card,9,3.1,4.2
19-07-2024,1.21.00 AM,CNR9477095299,Success,CID607468,Mini,Kengeri,RT Nagar,84,65,NA,NA,No,NA,247,Cash,3,4.4,5
12-07-2024,10.18.00 AM,CNR8883541278,Driver Not Found,CID465773,Mini,Sarjapur Road,Chamarajpet,NA,NA,NA,NA,NA,NA,470,NA,0,0,0
02-07-2024,12.42.00 AM,CNR3965859566,Success,CID107940,eBike,Shivajinagar,Electronic City,126,55,NA,NA,No,NA,260,Cash,38,4.7,4.7
18-07-2024,6.23.00 PM,CNR7673066991,Success,CID762232,Prime Sedan,Yeshwanthpur,Ulsoor,238,70,NA,NA,No,NA,407,Cash,27,4.1,4.9
16-07-2024,12.49.00 PM,CNR2845789701,Driver Not Found,CID482350,eBike,Shantinagar,Rajajinagar,NA,NA,NA,NA,NA,NA,369,NA,0,0,0
02-07-2024,3.42.00 PM,CNR6169207766,Driver Not Found,CID724881,Prime Plus,Hebbal,Koramangala,NA,NA,NA,NA,NA,NA,420,NA,0,0,0
23-07-2024,5.03.00 AM,CNR8516409614,Success,CID290081,Prime SUV,Frazer Town,Ramamurthy Nagar,77,30,NA,NA,No,NA,2877,Cash,26,4.9,4.5
06-07-2024,2.04.00 PM,CNR8744346612,Success,CID570707,Prime SUV,Varthur,Ramamurthy Nagar,147,85,NA,NA,No,NA,955,Cash,3,3.4,3.9
26-07-2024,3.08.00 PM,CNR5284344363,Success,CID862337,Prime Plus,Frazer Town,Electronic City,147,135,NA,NA,No,NA,428,UPI,34,4.1,3.9
17-07-2024,7.26.00 PM,CNR8291672496,Canceled by Driver,CID563369,Prime Plus,Koramangala,KR Puram,NA,NA,NA,Customer related issue,NA,NA,874,NA,0,0,0
21-07-2024,2.54.00 AM,CNR2485427128,Canceled by Driver,CID574875,Prime SUV,Koramangala,Hennur,NA,NA,NA,Customer related issue,NA,NA,382,NA,0,0,0
24-07-2024,1.28.00 PM,CNR1362571268,Success,CID227559,Bike,Rajajinagar,Tumkur Road,140,90,NA,NA,No,NA,657,UPI,26,4.8,3.8
18-07-2024,4.08.00 PM,CNR2686926257,Success,CID617268,Auto,Bannerghatta Road,Yelahanka,91,130,NA,NA,No,NA,207,Cash,6,4,3.9
19-07-2024,8.23.00 AM,CNR9625639272,Success,CID998960,Auto,Hosur Road,Kammanahalli,168,125,NA,NA,No,NA,945,Cash,2,3.4,3.4
11-07-2024,4.59.00 AM,CNR9498672052,Success,CID351529,Prime SUV,Yeshwanthpur,Koramangala,196,35,NA,NA,No,NA,264,Credit Card,20,3.7,3.3
22-07-2024,1.02.00 PM,CNR2485766659,Success,CID509717,eBike,Sarjapur Road,Bellandur,245,30,NA,NA,No,NA,115,UPI,22,4,5
13-07-2024,10.00.00 PM,CNR4395882254,Success,CID135529,Auto,Ramamurthy Nagar,Jayanagar,217,145,NA,NA,No,NA,281,Cash,2,4.8,4.7
01-07-2024,3.18.00 AM,CNR8811507785,Driver Not Found,CID207074,Auto,Basavanagudi,Whitefield,NA,NA,NA,NA,NA,NA,1881,NA,0,0,0
22-07-2024,4.38.00 PM,CNR2904644602,Success,CID125869,eBike,Indiranagar,Varthur,231,110,NA,NA,No,NA,422,Cash,26,4.6,4.8
21-07-2024,5.59.00 AM,CNR5382510753,Success,CID604279,Prime SUV,Chickpet,Bannerghatta Road,266,130,NA,NA,No,NA,869,UPI,14,4.2,3.4
28-07-2024,9.52.00 AM,CNR9176065097,Success,CID178820,Prime Plus,Nagarbhavi,Magadi Road,203,115,NA,NA,No,NA,353,Cash,22,4.6,4
07-07-2024,10.25.00 AM,CNR3762140934,Success,CID110216,Mini,Chickpet,Chamarajpet,84,90,NA,NA,No,NA,238,UPI,8,4.7,4
21-07-2024,9.29.00 PM,CNR5698781178,Success,CID142841,Prime Plus,JP Nagar,Devanahalli,224,25,NA,NA,No,NA,456,Cash,20,3,4.4
28-07-2024,7.16.00 PM,CNR7455139064,Success,CID199283,Prime SUV,Yeshwanthpur,Whitefield,98,65,NA,NA,No,NA,331,Cash,2,4.8,4.3
27-07-2024,3.00.00 PM,CNR1524307839,Success,CID126888,Auto,Indiranagar,Malleshwaram,42,85,NA,NA,No,NA,218,Cash,4,4.6,4.2
21-07-2024,12.37.00 PM,CNR5656596719,Canceled by Driver,CID533857,eBike,Kammanahalli,Indiranagar,NA,NA,NA,Customer was coughing/sick,NA,NA,332,NA,0,0,0
18-07-2024,8.05.00 AM,CNR2421723113,Success,CID437155,Prime Sedan,Indiranagar,Chamarajpet,140,50,NA,NA,Yes,Customer Demand,404,Cash,38,4.7,3.8
27-07-2024,7.04.00 PM,CNR5163916188,Success,CID189965,Bike,Shantinagar,Padmanabhanagar,147,120,NA,NA,No,NA,291,Cash,24,3.5,3.5
29-07-2024,8.36.00 PM,CNR6284791372,Success,CID660973,Mini,Sahakar Nagar,Chamarajpet,35,100,NA,NA,No,NA,1367,Cash,46,3.4,3.5
17-07-2024,3.22.00 AM,CNR7916590115,Success,CID600799,Bike,Majestic,Koramangala,126,95,NA,NA,No,NA,318,Cash,31,4.9,4
17-07-2024,11.12.00 AM,CNR5757332160,Success,CID845362,Prime Sedan,Shivajinagar,MG Road,196,80,NA,NA,No,NA,269,UPI,21,4.3,3.4
27-07-2024,5.54.00 AM,CNR3590679564,Success,CID996368,Auto,Devanahalli,Kadugodi,154,135,NA,NA,No,NA,213,Cash,16,4.2,3.8
29-07-2024,8.21.00 PM,CNR9055951164,Success,CID852045,Prime SUV,Bellandur,Mysore Road,98,50,NA,NA,No,NA,389,Cash,11,3.2,3.5
28-07-2024,3.08.00 PM,CNR5314914495,Success,CID266013,Bike,Bellandur,Chickpet,238,25,NA,NA,No,NA,369,Cash,21,3.1,3.4
10-07-2024,12.36.00 AM,CNR4001295021,Success,CID292207,Auto,Tumkur Road,Whitefield,287,110,NA,NA,No,NA,301,UPI,15,3.1,3.2
20-07-2024,4.47.00 AM,CNR5992604716,Success,CID241802,Prime Plus,Shivajinagar,BTM Layout,266,125,NA,NA,No,NA,409,Cash,49,3.5,3.7
03-07-2024,7.38.00 AM,CNR7326154593,Success,CID561286,Prime SUV,Frazer Town,Marathahalli,126,125,NA,NA,Yes,Customer Demand,425,Cash,40,4.6,3.4
15-07-2024,2.18.00 PM,CNR2055030564,Success,CID128491,Prime Plus,Cox Town,Kadugodi,119,135,NA,NA,No,NA,555,UPI,34,4,4.5
25-07-2024,2.38.00 AM,CNR2169559650,Success,CID534933,Auto,Jayanagar,Cox Town,210,100,NA,NA,Yes,Customer Demand,760,UPI,18,4.9,4.5
26-07-2024,4.53.00 AM,CNR5850143777,Success,CID952434,Bike,MG Road,Hosur Road,161,40,NA,NA,No,NA,355,Cash,10,4.1,3.1
17-07-2024,4.52.00 PM,CNR4454899928,Canceled by Customer,CID972325,Prime SUV,Majestic,Hennur,NA,NA,AC is Not working,NA,NA,NA,289,NA,0,0,0
22-07-2024,4.25.00 AM,CNR6044469190,Success,CID722812,Prime Plus,Sarjapur Road,Hebbal,231,45,NA,NA,No,NA,117,Credit Card,6,3.4,3.8
22-07-2024,9.34.00 PM,CNR8941244774,Success,CID348458,eBike,Sahakar Nagar,Bannerghatta Road,77,70,NA,NA,No,NA,316,Cash,38,5,4
05-07-2024,1.13.00 AM,CNR1810463571,Canceled by Customer,CID714413,Prime Sedan,Kammanahalli,Chamarajpet,NA,NA,Change of plans,NA,NA,NA,618,NA,0,0,0
16-07-2024,6.00.00 AM,CNR9534222650,Canceled by Customer,CID575016,Auto,Richmond Town,Electronic City,NA,NA,Driver is not moving towards pickup location,NA,NA,NA,452,NA,0,0,0
05-07-2024,2.30.00 AM,CNR2221577375,Canceled by Driver,CID730849,Mini,Tumkur Road,MG Road,NA,NA,NA,More than permitted people in there,NA,NA,820,NA,0,0,0
20-07-2024,3.22.00 PM,CNR5620738445,Success,CID516470,Prime SUV,Devanahalli,Hebbal,105,130,NA,NA,No,NA,185,Cash,32,4.5,3.1
27-07-2024,6.16.00 AM,CNR9669878708,Canceled by Driver,CID332006,Mini,Marathahalli,Rajajinagar,NA,NA,NA,Customer related issue,NA,NA,356,NA,0,0,0
13-07-2024,3.45.00 PM,CNR7540714108,Canceled by Driver,CID569164,Auto,Padmanabhanagar,BTM Layout,NA,NA,NA,Customer related issue,NA,NA,371,NA,0,0,0
06-07-2024,4.11.00 PM,CNR4287925213,Success,CID744782,Auto,Basavanagudi,Sarjapur Road,287,80,NA,NA,No,NA,839,UPI,18,4.3,3.9
19-07-2024,1.51.00 AM,CNR7888329042,Canceled by Driver,CID204209,Mini,Tumkur Road,Yeshwanthpur,NA,NA,NA,Customer was coughing/sick,NA,NA,323,NA,0,0,0
05-07-2024,3.13.00 PM,CNR6806487234,Success,CID673121,Prime SUV,Ulsoor,Chamarajpet,112,55,NA,NA,No,NA,430,UPI,29,4.3,4.9
19-07-2024,6.47.00 AM,CNR7216115435,Canceled by Customer,CID457323,Prime SUV,Hebbal,Ulsoor,NA,NA,Driver is not moving towards pickup location,NA,NA,NA,2349,NA,0,0,0
09-07-2024,3.52.00 PM,CNR9915944696,Canceled by Customer,CID790149,Prime Plus,Jayanagar,Bannerghatta Road,NA,NA,AC is Not working,NA,NA,NA,357,NA,0,0,0
19-07-2024,3.19.00 PM,CNR7223501449,Success,CID318107,eBike,Padmanabhanagar,Bellandur,35,75,NA,NA,No,NA,457,Cash,44,3.2,4
30-07-2024,4.23.00 AM,CNR4406470427,Success,CID501485,eBike,Banashankari,KR Puram,168,60,NA,NA,No,NA,647,Cash,28,3.9,4.8
13-07-2024,10.47.00 PM,CNR9038889596,Success,CID757382,Prime SUV,Chamarajpet,Bannerghatta Road,133,110,NA,NA,No,NA,327,Cash,36,3.6,3.7
24-07-2024,9.24.00 AM,CNR9013209895,Canceled by Driver,CID678137,Auto,Ulsoor,Rajajinagar,NA,NA,NA,Personal & Car related issue,NA,NA,396,NA,0,0,0
03-07-2024,3.30.00 AM,CNR4352340785,Success,CID382237,Bike,Marathahalli,HSR Layout,105,80,NA,NA,Yes,Customer Demand,919,Cash,29,4.3,3.7
05-07-2024,1.02.00 AM,CNR1137203739,Success,CID441285,eBike,BTM Layout,Kammanahalli,42,25,NA,NA,No,NA,426,UPI,8,3.7,4.7
05-07-2024,5.32.00 PM,CNR6996941124,Success,CID814961,Prime Plus,Sahakar Nagar,Bannerghatta Road,105,50,NA,NA,No,NA,383,UPI,10,4,3.9
23-07-2024,12.27.00 AM,CNR9048025511,Success,CID940913,Prime SUV,Hulimavu,Padmanabhanagar,280,95,NA,NA,No,NA,661,Cash,14,4.6,3.2
27-07-2024,7.06.00 AM,CNR6292190320,Success,CID946836,Auto,MG Road,Hebbal,308,80,NA,NA,No,NA,284,UPI,9,3.5,3.5
25-07-2024,8.54.00 PM,CNR2413380100,Canceled by Customer,CID276980,Prime Plus,Varthur,RT Nagar,NA,NA,Driver asked to cancel,NA,NA,NA,619,NA,0,0,0
05-07-2024,6.43.00 PM,CNR3283888314,Driver Not Found,CID836582,Prime Sedan,Jayanagar,Electronic City,NA,NA,NA,NA,NA,NA,184,NA,0,0,0
20-07-2024,11.41.00 PM,CNR4870759138,Success,CID612448,Auto,BTM Layout,Sarjapur Road,63,100,NA,NA,No,NA,604,Cash,16,4.8,3.6
27-07-2024,8.40.00 AM,CNR9574365096,Success,CID989054,Prime Sedan,Banashankari,Kadugodi,35,25,NA,NA,No,NA,2333,UPI,23,3,3.9
05-07-2024,8.26.00 PM,CNR4918280677,Driver Not Found,CID229064,Prime Sedan,Marathahalli,Banashankari,NA,NA,NA,NA,NA,NA,176,NA,0,0,0
30-07-2024,9.10.00 AM,CNR9840599048,Success,CID767562,Mini,Yeshwanthpur,RT Nagar,210,50,NA,NA,No,NA,464,UPI,12,4.4,3.9
30-07-2024,2.18.00 PM,CNR9712296008,Success,CID654062,Bike,Banashankari,Kengeri,259,140,NA,NA,No,NA,251,Cash,18,4.9,3.9
18-07-2024,4.44.00 AM,CNR5168755954,Success,CID941533,Auto,Cox Town,Kengeri,49,80,NA,NA,No,NA,286,Cash,12,3.7,4.3
03-07-2024,11.23.00 AM,CNR1558587936,Driver Not Found,CID806473,Mini,MG Road,Jayanagar,NA,NA,NA,NA,NA,NA,217,NA,0,0,0
14-07-2024,8.45.00 AM,CNR9291782057,Canceled by Driver,CID236790,eBike,BTM Layout,Hulimavu,NA,NA,NA,Personal & Car related issue,NA,NA,1762,NA,0,0,0
16-07-2024,11.18.00 PM,CNR6384000900,Canceled by Customer,CID183393,Prime Sedan,Sarjapur Road,Vijayanagar,NA,NA,Wrong Address,NA,NA,NA,382,NA,0,0,0
15-07-2024,8.29.00 PM,CNR4692807656,Success,CID410078,Prime Plus,Sahakar Nagar,Yeshwanthpur,63,80,NA,NA,No,NA,165,Credit Card,24,3.9,3.3
03-07-2024,3.55.00 PM,CNR8607774773,Canceled by Driver,CID226935,Prime Plus,Kengeri,RT Nagar,NA,NA,NA,Customer was coughing/sick,NA,NA,141,NA,0,0,0
16-07-2024,9.49.00 AM,CNR5275953890,Driver Not Found,CID409280,Mini,Peenya,Majestic,NA,NA,NA,NA,NA,NA,2720,NA,0,0,0
28-07-2024,5.54.00 PM,CNR2122926528,Success,CID365718,Prime SUV,Banashankari,Basavanagudi,84,75,NA,NA,No,NA,430,Cash,41,3.1,4.4
26-07-2024,5.10.00 PM,CNR5058284180,Success,CID687769,Bike,HSR Layout,Shantinagar,84,30,NA,NA,No,NA,252,Cash,41,4.3,4.3
17-07-2024,8.17.00 AM,CNR1070278505,Success,CID564698,Prime Plus,Tumkur Road,Kadugodi,112,60,NA,NA,No,NA,371,Cash,43,4,3.2
27-07-2024,7.16.00 PM,CNR6383375515,Driver Not Found,CID306604,Prime Sedan,Bellandur,Shivajinagar,NA,NA,NA,NA,NA,NA,183,NA,0,0,0
28-07-2024,10.56.00 AM,CNR9053616195,Success,CID997945,Auto,Mysore Road,Koramangala,231,105,NA,NA,No,NA,130,UPI,11,4.3,4.3
15-07-2024,5.42.00 AM,CNR4411647638,Success,CID611553,Prime Plus,Sarjapur Road,Cox Town,287,55,NA,NA,Yes,Customer Demand,974,UPI,9,3.1,4.3
06-07-2024,4.08.00 AM,CNR4578602448,Success,CID429288,Bike,Langford Town,Padmanabhanagar,63,140,NA,NA,No,NA,483,Cash,31,4.2,3.4
21-07-2024,4.04.00 PM,CNR2117497349,Canceled by Driver,CID946999,Prime Plus,RT Nagar,RT Nagar,NA,NA,NA,Customer related issue,NA,NA,142,NA,0,0,0
08-07-2024,12.27.00 PM,CNR3121675473,Success,CID544271,Prime Sedan,Electronic City,Jayanagar,301,145,NA,NA,No,NA,190,Cash,37,3.9,4.4
26-07-2024,5.47.00 PM,CNR5582073597,Success,CID600934,Prime Plus,Electronic City,JP Nagar,70,70,NA,NA,No,NA,606,UPI,16,4.5,4.6
23-07-2024,7.43.00 PM,CNR9021997521,Driver Not Found,CID729251,Auto,Indiranagar,Magadi Road,NA,NA,NA,NA,NA,NA,270,NA,0,0,0
03-07-2024,5.00.00 PM,CNR2346546694,Success,CID156951,Auto,Magadi Road,MG Road,35,55,NA,NA,No,NA,2632,Cash,10,4.1,4.6
07-07-2024,2.00.00 AM,CNR7872750350,Driver Not Found,CID166707,Prime SUV,Ramamurthy Nagar,Ramamurthy Nagar,NA,NA,NA,NA,NA,NA,407,NA,0,0,0
28-07-2024,5.39.00 PM,CNR2822225922,Success,CID980249,Auto,Majestic,Hennur,105,130,NA,NA,No,NA,288,Cash,10,3.1,3.6
08-07-2024,6.22.00 PM,CNR3052613043,Success,CID634311,Auto,HSR Layout,RT Nagar,49,75,NA,NA,No,NA,459,Cash,1,3.5,3.7
16-07-2024,6.21.00 PM,CNR9714132894,Success,CID329193,Prime Plus,Shivajinagar,RT Nagar,252,110,NA,NA,No,NA,474,UPI,46,4.7,4.3
29-07-2024,12.02.00 AM,CNR7173736967,Canceled by Customer,CID876143,Prime SUV,Nagarbhavi,Bellandur,NA,NA,AC is Not working,NA,NA,NA,280,NA,0,0,0
18-07-2024,12.47.00 AM,CNR5680044164,Driver Not Found,CID730647,Prime Plus,Malleshwaram,Rajajinagar,NA,NA,NA,NA,NA,NA,241,NA,0,0,0
15-07-2024,9.31.00 AM,CNR7418923013,Success,CID960240,Prime Plus,Yeshwanthpur,Mysore Road,63,120,NA,NA,No,NA,649,UPI,19,3,4.3
15-07-2024,1.52.00 PM,CNR9766360557,Canceled by Driver,CID824405,Prime Plus,Kammanahalli,Hennur,NA,NA,NA,Customer related issue,NA,NA,1648,NA,0,0,0
03-07-2024,10.26.00 AM,CNR3765893080,Driver Not Found,CID573518,Prime SUV,Frazer Town,Marathahalli,NA,NA,NA,NA,NA,NA,380,NA,0,0,0
24-07-2024,2.26.00 AM,CNR6724977743,Success,CID784290,eBike,Shivajinagar,Hebbal,196,130,NA,NA,No,NA,145,Cash,3,3.5,4.5
04-07-2024,10.08.00 PM,CNR6950899050,Success,CID207085,Prime Plus,Kadugodi,Malleshwaram,308,75,NA,NA,No,NA,257,Cash,23,4.3,4.5
04-07-2024,2.01.00 PM,CNR9718321676,Driver Not Found,CID779587,Mini,Devanahalli,Kadugodi,NA,NA,NA,NA,NA,NA,177,NA,0,0,0
15-07-2024,3.17.00 AM,CNR3817464810,Success,CID927840,Auto,Ulsoor,Sarjapur Road,77,45,NA,NA,No,NA,536,UPI,2,5,4.9
14-07-2024,1.39.00 PM,CNR4848440972,Canceled by Customer,CID293528,Bike,Whitefield,BTM Layout,NA,NA,Driver is not moving towards pickup location,NA,NA,NA,1599,NA,0,0,0
07-07-2024,4.15.00 PM,CNR4113554550,Canceled by Driver,CID468933,Prime Sedan,Vijayanagar,Yeshwanthpur,NA,NA,NA,Personal & Car related issue,NA,NA,214,NA,0,0,0
13-07-2024,10.30.00 AM,CNR2310105680,Success,CID487899,Mini,MG Road,Vijayanagar,42,130,NA,NA,No,NA,458,UPI,19,3.1,3.4
01-07-2024,7.03.00 AM,CNR2766114291,Success,CID625934,Mini,Rajajinagar,Varthur,266,110,NA,NA,No,NA,752,Cash,39,3.5,4.7
25-07-2024,3.08.00 AM,CNR9788555964,Success,CID617562,Bike,Indiranagar,Hennur,252,105,NA,NA,No,NA,198,UPI,23,3.6,3.1
06-07-2024,12.13.00 AM,CNR4117182129,Success,CID619473,eBike,Marathahalli,Sahakar Nagar,63,65,NA,NA,No,NA,692,Cash,4,3.5,3.1
26-07-2024,6.33.00 PM,CNR1482862322,Success,CID994354,Prime SUV,Devanahalli,KR Puram,35,80,NA,NA,No,NA,279,UPI,6,4.8,4
17-07-2024,8.41.00 AM,CNR1846263435,Success,CID653782,Bike,BTM Layout,Rajajinagar,140,60,NA,NA,Yes,Customer Demand,433,Cash,37,4.8,4.5
25-07-2024,9.08.00 PM,CNR9792857598,Canceled by Driver,CID860533,eBike,Kammanahalli,HSR Layout,NA,NA,NA,More than permitted people in there,NA,NA,884,NA,0,0,0
18-07-2024,11.39.00 PM,CNR6364083080,Success,CID613170,eBike,Koramangala,Langford Town,238,40,NA,NA,No,NA,1087,Cash,27,4.3,4.6
09-07-2024,8.32.00 PM,CNR4132114126,Success,CID727658,Prime Plus,Ulsoor,Marathahalli,105,140,NA,NA,No,NA,1058,Cash,23,4.1,4.6
20-07-2024,2.28.00 AM,CNR1164297655,Success,CID332835,eBike,Yelahanka,Hulimavu,147,110,NA,NA,No,NA,874,Cash,2,3.7,3.4
15-07-2024,11.25.00 PM,CNR5107398570,Canceled by Driver,CID283071,eBike,Sarjapur Road,Hennur,NA,NA,NA,Customer related issue,NA,NA,900,NA,0,0,0
16-07-2024,3.45.00 AM,CNR2594649356,Driver Not Found,CID988044,Prime Sedan,Vijayanagar,Majestic,NA,NA,NA,NA,NA,NA,349,NA,0,0,0
08-07-2024,8.56.00 AM,CNR5513264155,Success,CID601467,Prime Sedan,Electronic City,Kengeri,70,80,NA,NA,Yes,Vehicle Breakdown,350,UPI,27,5,4.6
28-07-2024,3.12.00 PM,CNR7718204224,Canceled by Customer,CID145915,Prime Sedan,Ulsoor,Cox Town,NA,NA,Driver asked to cancel,NA,NA,NA,273,NA,0,0,0
21-07-2024,1.55.00 AM,CNR9884288938,Canceled by Driver,CID954511,Mini,KR Puram,Sahakar Nagar,NA,NA,NA,Customer was coughing/sick,NA,NA,819,NA,0,0,0
07-07-2024,10.15.00 PM,CNR8604114763,Success,CID826289,eBike,Indiranagar,Cox Town,203,125,NA,NA,No,NA,984,UPI,36,4.5,4.2
02-07-2024,6.55.00 AM,CNR1648618375,Success,CID215906,Auto,Devanahalli,Nagarbhavi,105,40,NA,NA,No,NA,918,UPI,18,4.9,3.3
06-07-2024,2.18.00 PM,CNR3735646691,Success,CID892984,eBike,Majestic,Ulsoor,91,140,NA,NA,No,NA,1393,UPI,31,3.4,4.5
26-07-2024,7.02.00 PM,CNR5695161177,Success,CID515244,Bike,Whitefield,Kadugodi,56,105,NA,NA,No,NA,481,Cash,13,3.7,4.7
28-07-2024,6.05.00 AM,CNR3701237012,Success,CID819006,Prime Sedan,Padmanabhanagar,Majestic,119,130,NA,NA,No,NA,446,UPI,25,4,3.5
17-07-2024,8.46.00 PM,CNR7868829140,Success,CID233386,Mini,Kammanahalli,Jayanagar,105,105,NA,NA,No,NA,1134,Credit Card,19,3.4,3.7
23-07-2024,4.25.00 AM,CNR9765471738,Success,CID579696,Prime Sedan,Shantinagar,Sarjapur Road,63,90,NA,NA,No,NA,218,UPI,30,4.8,4.5
02-07-2024,11.30.00 PM,CNR7650472214,Success,CID821265,Auto,BTM Layout,Cox Town,168,40,NA,NA,No,NA,395,UPI,2,4.6,3.6
21-07-2024,7.47.00 PM,CNR4690250276,Success,CID581071,Prime SUV,MG Road,Bannerghatta Road,210,60,NA,NA,No,NA,299,Cash,39,4,4.4
18-07-2024,1.30.00 PM,CNR2095968467,Success,CID867238,Prime Plus,Devanahalli,Varthur,105,80,NA,NA,No,NA,111,UPI,3,4,4.3
03-07-2024,4.10.00 PM,CNR3375761138,Driver Not Found,CID347284,Prime Plus,Bellandur,Majestic,NA,NA,NA,NA,NA,NA,402,NA,0,0,0
11-07-2024,5.25.00 PM,CNR9481116440,Canceled by Driver,CID111139,Bike,Yelahanka,RT Nagar,NA,NA,NA,Customer was coughing/sick,NA,NA,473,NA,0,0,0
15-07-2024,7.19.00 PM,CNR8697339796,Success,CID709674,Prime Sedan,Basavanagudi,Hosur Road,231,105,NA,NA,No,NA,159,UPI,39,4.5,4
22-07-2024,3.50.00 AM,CNR1206581017,Success,CID574550,Mini,Rajajinagar,Yelahanka,154,140,NA,NA,No,NA,140,Cash,29,4.2,3.6
06-07-2024,10.02.00 AM,CNR4499128231,Success,CID580584,Prime SUV,Langford Town,Basavanagudi,91,115,NA,NA,No,NA,454,Cash,15,3.3,4.1
01-07-2024,8.42.00 AM,CNR1298715434,Success,CID501412,Prime SUV,Tumkur Road,Marathahalli,140,40,NA,NA,No,NA,321,UPI,27,4,3.9
24-07-2024,11.38.00 PM,CNR4312763444,Success,CID211216,Prime Plus,Bellandur,Varthur,112,90,NA,NA,No,NA,193,Cash,45,4.9,3.3
18-07-2024,3.19.00 AM,CNR1340571019,Success,CID160873,eBike,Vijayanagar,Majestic,147,115,NA,NA,No,NA,463,UPI,46,3.7,3.2
15-07-2024,8.16.00 AM,CNR6844091426,Success,CID676815,Prime SUV,Vijayanagar,Basavanagudi,252,40,NA,NA,No,NA,178,Cash,11,3,4.3
23-07-2024,4.53.00 AM,CNR3741516922,Success,CID892507,Prime Plus,Hebbal,Varthur,49,75,NA,NA,No,NA,272,Cash,30,4.8,4.4
12-07-2024,8.33.00 PM,CNR6878633136,Success,CID435898,Bike,Whitefield,Kadugodi,56,105,NA,NA,No,NA,227,Cash,10,4.5,3.2
29-07-2024,7.20.00 AM,CNR8389880405,Success,CID679884,eBike,Yelahanka,Hosur Road,280,100,NA,NA,No,NA,235,Cash,49,3.2,4.2
20-07-2024,1.54.00 PM,CNR1031164731,Success,CID734920,Prime SUV,Richmond Town,Peenya,287,50,NA,NA,No,NA,868,Cash,9,4.1,3.9
12-07-2024,6.29.00 PM,CNR3055910851,Success,CID848384,Auto,Basavanagudi,Nagarbhavi,35,55,NA,NA,No,NA,174,Cash,14,4,4.1
15-07-2024,1.19.00 PM,CNR3443143842,Success,CID620200,Prime SUV,Vijayanagar,RT Nagar,119,145,NA,NA,No,NA,295,Cash,2,3.5,4
22-07-2024,2.55.00 PM,CNR5284402721,Canceled by Driver,CID555275,Auto,Chamarajpet,Rajarajeshwari Nagar,NA,NA,NA,Personal & Car related issue,NA,NA,135,NA,0,0,0
21-07-2024,4.18.00 PM,CNR8736272853,Success,CID947890,Auto,BTM Layout,JP Nagar,301,145,NA,NA,No,NA,635,UPI,13,3.9,3.8
02-07-2024,11.05.00 PM,CNR8526227100,Success,CID337335,eBike,Kadugodi,Indiranagar,245,115,NA,NA,No,NA,401,UPI,33,4.1,3.5
12-07-2024,7.48.00 AM,CNR2586256618,Success,CID496185,Auto,Frazer Town,Rajajinagar,259,25,NA,NA,No,NA,155,Cash,10,4.7,3.1
28-07-2024,5.15.00 AM,CNR8718237542,Success,CID387617,Prime Plus,Nagarbhavi,Hulimavu,84,35,NA,NA,No,NA,1676,UPI,13,4.2,4.8
23-07-2024,9.08.00 PM,CNR4747588582,Driver Not Found,CID117316,Prime Sedan,Hennur,Majestic,NA,NA,NA,NA,NA,NA,672,NA,0,0,0
20-07-2024,8.42.00 PM,CNR5372933060,Driver Not Found,CID275438,Auto,Shivajinagar,Ramamurthy Nagar,NA,NA,NA,NA,NA,NA,263,NA,0,0,0
16-07-2024,7.44.00 PM,CNR3742047404,Success,CID789297,Bike,Yeshwanthpur,Whitefield,147,90,NA,NA,No,NA,266,UPI,5,3.6,3.6
07-07-2024,6.27.00 AM,CNR6451620987,Driver Not Found,CID611238,Bike,Hebbal,Whitefield,NA,NA,NA,NA,NA,NA,230,NA,0,0,0
01-07-2024,7.18.00 PM,CNR4349498244,Success,CID176493,Auto,BTM Layout,Marathahalli,196,70,NA,NA,No,NA,2972,Cash,18,3.7,4
01-07-2024,9.51.00 AM,CNR2064398038,Success,CID224260,Prime Plus,Kadugodi,Yeshwanthpur,98,80,NA,NA,No,NA,354,Cash,42,4,4.8
05-07-2024,2.38.00 AM,CNR4326236808,Success,CID928586,Bike,Electronic City,Richmond Town,70,80,NA,NA,Yes,Customer Demand,227,Credit Card,36,5,4.7
03-07-2024,10.46.00 PM,CNR8746895101,Success,CID839090,Mini,Electronic City,Langford Town,266,130,NA,NA,No,NA,2685,Credit Card,17,4.6,3.5
19-07-2024,4.20.00 AM,CNR2360764819,Success,CID307899,Auto,RT Nagar,Kengeri,294,100,NA,NA,Yes,Other Issue,797,Cash,10,4.9,4.1
18-07-2024,5.03.00 PM,CNR7413141901,Success,CID714101,Bike,Banashankari,Rajajinagar,77,110,NA,NA,No,NA,229,Cash,31,4.3,4.7
12-07-2024,11.12.00 PM,CNR7230620698,Success,CID465729,Auto,Shantinagar,Sahakar Nagar,224,135,NA,NA,No,NA,1997,UPI,10,4,4.3
07-07-2024,4.57.00 PM,CNR6947093690,Success,CID803175,Prime SUV,JP Nagar,Magadi Road,91,70,NA,NA,No,NA,439,UPI,15,5,4.6
13-07-2024,8.07.00 PM,CNR4790435059,Canceled by Driver,CID534198,Mini,Hulimavu,Nagarbhavi,NA,NA,NA,Personal & Car related issue,NA,NA,456,NA,0,0,0
24-07-2024,2.24.00 AM,CNR3717431082,Success,CID144787,Prime Sedan,Magadi Road,Vijayanagar,231,105,NA,NA,No,NA,1989,UPI,10,3.7,3.9
22-07-2024,5.07.00 AM,CNR1119886411,Driver Not Found,CID614002,Prime Plus,Rajarajeshwari Nagar,Peenya,NA,NA,NA,NA,NA,NA,449,NA,0,0,0
12-07-2024,10.18.00 PM,CNR7546954350,Success,CID157191,Prime Sedan,Marathahalli,Chamarajpet,84,30,NA,NA,No,NA,494,UPI,15,4.2,4
09-07-2024,5.41.00 AM,CNR8681622859,Driver Not Found,CID751314,Mini,Shantinagar,Shantinagar,NA,NA,NA,NA,NA,NA,158,NA,0,0,0
20-07-2024,8.15.00 AM,CNR3911087012,Success,CID176825,Mini,Vijayanagar,Indiranagar,154,35,NA,NA,Yes,Vehicle Breakdown,632,Cash,41,3,3.4
11-07-2024,5.43.00 PM,CNR6657813538,Success,CID555376,eBike,Bannerghatta Road,Kadugodi,294,100,NA,NA,No,NA,190,Cash,33,4.6,4.2
02-07-2024,1.22.00 AM,CNR8755664720,Canceled by Customer,CID253924,Mini,Sahakar Nagar,HSR Layout,NA,NA,Driver is not moving towards pickup location,NA,NA,NA,969,NA,0,0,0
04-07-2024,2.13.00 AM,CNR9271694901,Canceled by Driver,CID122064,Auto,Padmanabhanagar,Sahakar Nagar,NA,NA,NA,Customer was coughing/sick,NA,NA,300,NA,0,0,0
17-07-2024,9.41.00 AM,CNR6626953383,Canceled by Customer,CID998004,Auto,Kammanahalli,Rajajinagar,NA,NA,Driver is not moving towards pickup location,NA,NA,NA,486,NA,0,0,0
29-07-2024,2.26.00 PM,CNR6410696298,Success,CID232697,eBike,Chamarajpet,Vijayanagar,161,70,NA,NA,No,NA,434,Cash,37,4.9,3.6
14-07-2024,6.28.00 AM,CNR3325610101,Success,CID476333,Mini,BTM Layout,Vijayanagar,42,30,NA,NA,No,NA,274,Cash,9,4.8,3.4
01-07-2024,1.27.00 AM,CNR7162209765,Success,CID101544,Prime Plus,Frazer Town,Hebbal,161,25,NA,NA,No,NA,240,UPI,42,3.7,4.4
05-07-2024,8.52.00 PM,CNR6109622128,Driver Not Found,CID364492,Prime Sedan,Vijayanagar,Malleshwaram,NA,NA,NA,NA,NA,NA,144,NA,0,0,0
01-07-2024,11.13.00 AM,CNR4421994853,Canceled by Driver,CID143782,Auto,Padmanabhanagar,Hebbal,NA,NA,NA,Personal & Car related issue,NA,NA,364,NA,0,0,0
11-07-2024,12.35.00 AM,CNR1925768452,Driver Not Found,CID704829,Auto,Padmanabhanagar,Electronic City,NA,NA,NA,NA,NA,NA,355,NA,0,0,0
08-07-2024,1.13.00 AM,CNR5648143504,Success,CID103348,Mini,Ramamurthy Nagar,Peenya,196,120,NA,NA,No,NA,466,UPI,33,3.4,3.4
12-07-2024,5.38.00 AM,CNR8115262014,Success,CID305697,Auto,Bellandur,Jayanagar,245,145,NA,NA,No,NA,562,Credit Card,15,3.5,3.8
06-07-2024,6.49.00 AM,CNR7823516770,Canceled by Driver,CID188003,Prime Plus,Ramamurthy Nagar,Ulsoor,NA,NA,NA,More than permitted people in there,NA,NA,804,NA,0,0,0
09-07-2024,12.27.00 PM,CNR8493356788,Success,CID622747,Prime SUV,Padmanabhanagar,BTM Layout,224,95,NA,NA,No,NA,767,Cash,44,3.5,4.7
30-07-2024,11.46.00 PM,CNR3058067820,Canceled by Driver,CID817628,Mini,Sarjapur Road,Kammanahalli,NA,NA,NA,Customer related issue,NA,NA,152,NA,0,0,0
01-07-2024,10.26.00 PM,CNR4333147707,Canceled by Driver,CID404369,Prime Plus,HSR Layout,Peenya,NA,NA,NA,More than permitted people in there,NA,NA,804,NA,0,0,0
28-07-2024,8.24.00 PM,CNR8641512493,Success,CID304875,Bike,Shivajinagar,Peenya,266,135,NA,NA,No,NA,408,Cash,4,3.9,3.1
12-07-2024,1.47.00 AM,CNR3403243453,Canceled by Driver,CID955257,Prime Plus,Electronic City,Hennur,NA,NA,NA,Customer related issue,NA,NA,542,NA,0,0,0
02-07-2024,7.17.00 PM,CNR7546460644,Success,CID983643,Prime SUV,Yeshwanthpur,Majestic,105,80,NA,NA,No,NA,474,UPI,27,3,4.3
11-07-2024,5.19.00 PM,CNR8208143819,Canceled by Driver,CID194959,Auto,Chamarajpet,Rajajinagar,NA,NA,NA,Customer related issue,NA,NA,226,NA,0,0,0
02-07-2024,1.33.00 AM,CNR3158442253,Canceled by Customer,CID846638,Auto,Ramamurthy Nagar,Magadi Road,NA,NA,Wrong Address,NA,NA,NA,350,NA,0,0,0
07-07-2024,5.27.00 AM,CNR1865369186,Success,CID638268,Prime Plus,Mysore Road,Koramangala,154,25,NA,NA,No,NA,332,Cash,19,4.1,3.9
22-07-2024,11.33.00 PM,CNR7198075514,Canceled by Customer,CID650773,eBike,Magadi Road,Rajajinagar,NA,NA,Driver is not moving towards pickup location,NA,NA,NA,322,NA,0,0,0
27-07-2024,6.15.00 AM,CNR5894031971,Success,CID887772,Prime Plus,Devanahalli,Yeshwanthpur,98,130,NA,NA,No,NA,860,UPI,33,4.3,3.2
06-07-2024,12.31.00 PM,CNR6369935063,Canceled by Driver,CID307065,Prime Sedan,Rajajinagar,Marathahalli,NA,NA,NA,Customer related issue,NA,NA,991,NA,0,0,0
22-07-2024,8.00.00 AM,CNR6302101502,Success,CID280152,Bike,Yeshwanthpur,Majestic,119,105,NA,NA,No,NA,253,Cash,21,3.4,3.1
29-07-2024,1.51.00 PM,CNR6911635936,Canceled by Customer,CID781831,Auto,Ramamurthy Nagar,Kadugodi,NA,NA,Driver is not moving towards pickup location,NA,NA,NA,493,NA,0,0,0
26-07-2024,7.36.00 PM,CNR8210949729,Success,CID681185,Bike,Kammanahalli,BTM Layout,210,130,NA,NA,No,NA,499,Cash,25,4.9,4.1
19-07-2024,1.02.00 AM,CNR7389837544,Success,CID641732,Auto,Kengeri,Majestic,35,115,NA,NA,No,NA,759,UPI,6,3.3,3.2
09-07-2024,6.31.00 AM,CNR3731051841,Driver Not Found,CID920291,Bike,BTM Layout,HSR Layout,NA,NA,NA,NA,NA,NA,425,NA,0,0,0
24-07-2024,6.12.00 AM,CNR5069047408,Canceled by Driver,CID141181,Auto,Jayanagar,Majestic,NA,NA,NA,Personal & Car related issue,NA,NA,441,NA,0,0,0
20-07-2024,6.34.00 AM,CNR5118920286,Canceled by Driver,CID339642,Auto,KR Puram,Frazer Town,NA,NA,NA,Personal & Car related issue,NA,NA,184,NA,0,0,0
06-07-2024,4.03.00 PM,CNR2162091754,Success,CID788775,Mini,Magadi Road,BTM Layout,84,65,NA,NA,No,NA,492,UPI,48,4.1,4.7
17-07-2024,12.14.00 PM,CNR7922694663,Driver Not Found,CID774019,Prime Plus,Indiranagar,Sarjapur Road,NA,NA,NA,NA,NA,NA,651,NA,0,0,0
30-07-2024,8.56.00 AM,CNR1440190398,Canceled by Customer,CID436595,Auto,Peenya,Whitefield,NA,NA,Driver is not moving towards pickup location,NA,NA,NA,599,NA,0,0,0
15-07-2024,1.40.00 AM,CNR2463579135,Driver Not Found,CID493481,Bike,Vijayanagar,Marathahalli,NA,NA,NA,NA,NA,NA,142,NA,0,0,0
18-07-2024,11.18.00 AM,CNR3005238846,Canceled by Customer,CID906587,Bike,Tumkur Road,Vijayanagar,NA,NA,AC is Not working,NA,NA,NA,688,NA,0,0,0
29-07-2024,3.11.00 AM,CNR3639188731,Success,CID640076,Auto,Marathahalli,Shivajinagar,231,135,NA,NA,No,NA,290,Credit Card,18,4.2,4.6
03-07-2024,10.12.00 PM,CNR2618079867,Canceled by Customer,CID993822,Prime Sedan,Shantinagar,Chickpet,NA,NA,Change of plans,NA,NA,NA,419,NA,0,0,0
